{"theta_2_calctime": {"44.99": [0.0026121139526367188, 0.0032651424407958984, 0.0031595230102539062, 0.0033648014068603516, 0.003270387649536133, 0.003708362579345703, 0.003376483917236328, 0.003667593002319336, 0.0034942626953125, 0.003407001495361328, 0.003509521484375, 0.0036067962646484375, 0.0030317306518554688, 0.002997875213623047, 0.003381967544555664, 0.00450897216796875, 0.0052089691162109375, 0.0058062076568603516, 0.0030519962310791016, 0.0033559799194335938, 0.004576206207275391, 0.015613079071044922, 0.003383636474609375, 0.003724813461303711, 0.003155231475830078, 0.0036237239837646484, 0.006116390228271484, 0.0031316280364990234, 0.005662679672241211, 0.007745981216430664, 0.003366708755493164, 0.003027677536010742, 0.00882720947265625, 0.0035092830657958984, 0.003426790237426758, 0.003946781158447266, 0.003438234329223633, 0.004303693771362305, 0.0045163631439208984, 1.9388585090637207, 1.101560354232788, 1.919443130493164, 1.5530345439910889, 1.1153526306152344, 1.2478101253509521, 1.5522849559783936, 1.0340008735656738, 1.06986665725708, 1.1716158390045166, 1.0433902740478516, 1.0201640129089355, 1.380732536315918, 0.8989806175231934, 1.173166036605835, 1.5533370971679688, 1.1215224266052246, 1.1696348190307617, 1.4043893814086914, 1.005303144454956, 1.7355058193206787, 1.5086476802825928, 1.4969968795776367, 1.2222039699554443, 1.217989206314087, 1.2958893775939941, 2.304105758666992, 1.5698456764221191, 1.4484217166900635, 1.9432909488677979, 1.8773691654205322, 1.605351448059082, 1.7183516025543213, 2.063002824783325, 2.147562026977539, 3.3841159343719482, 2.1670572757720947, 2.2199201583862305, 1.5733497142791748, 1.7004520893096924, 1.619185209274292, 1.7143445014953613, 1.6547348499298096, 1.8612079620361328, 4.694672107696533, 1.5584361553192139, 1.659916877746582, 1.616804599761963, 3.295485734939575, 3.5999202728271484, 1.5982482433319092, 1.5370674133300781, 4.341677188873291, 1.4812541007995605, 9.249202728271484, 2.2496626377105713, 2.040787696838379, 7.9379754066467285, 9.54858660697937, 7.257858991622925, 1.2710013389587402, 7.723982810974121], "45.01": [0.004247903823852539, 0.002866506576538086, 0.003456592559814453, 0.007879495620727539, 0.006044149398803711, 0.0031633377075195312, 0.0028963088989257812, 0.003503084182739258, 0.0031189918518066406, 0.0042781829833984375, 0.0035588741302490234, 0.0031876564025878906, 0.0031044483184814453, 0.004601478576660156, 0.00915837287902832, 0.0034689903259277344, 0.009396553039550781, 0.0039937496185302734, 0.0034637451171875, 0.004105567932128906, 0.003370046615600586, 0.0030641555786132812, 0.003095388412475586, 0.003050565719604492, 0.003635406494140625, 0.005913734436035156, 0.004679203033447266, 0.006638765335083008, 0.0030913352966308594, 0.0033445358276367188, 0.0033655166625976562, 0.003939151763916016, 0.0037403106689453125, 0.0043027400970458984, 0.003164529800415039, 0.002915620803833008, 0.003142118453979492, 0.0034275054931640625, 0.006207704544067383, 1.4021222591400146, 1.2041192054748535, 1.2990703582763672, 1.5902702808380127, 1.1720893383026123, 1.8410840034484863, 1.2660720348358154, 1.0492959022521973, 1.04091477394104, 1.1241276264190674, 1.376575231552124, 1.3568902015686035, 1.9009435176849365, 1.8213326930999756, 1.069915771484375, 1.4571938514709473, 1.6338331699371338, 1.863429307937622, 1.516542911529541, 0.9979255199432373, 1.0883915424346924, 1.3925988674163818, 1.1984450817108154, 1.2844157218933105, 1.2034494876861572, 2.2017910480499268, 1.3344056606292725, 1.6696505546569824, 1.7387592792510986, 1.4574453830718994, 1.514296531677246, 3.429145336151123, 4.270007848739624, 1.5509130954742432, 1.4936058521270752, 1.5682039260864258, 1.5618879795074463, 1.793968915939331, 1.63350248336792, 4.24038028717041, 1.9302408695220947, 2.2279458045959473, 1.5503530502319336, 3.281667470932007, 1.623692274093628, 3.678358554840088, 1.634859561920166, 2.209489583969116, 1.5011012554168701, 1.496760368347168, 3.1560702323913574, 1.8188724517822266, 1.4930980205535889, 2.0743460655212402, 8.696570873260498, 9.155494928359985, 7.62230110168457, 7.375237703323364, 7.254105806350708, 8.331345796585083, 1.8567132949829102, 7.317404747009277]}, "theta_2_ypvals": {"44.99": [0.999001289124519, 0.9988535454473384, 0.9986839825737771, 0.9984893899888669, 0.9982660885232727, 0.9980098631306059, 0.997715886400652, 0.9973786316530785, 0.9969917743519803, 0.9965480804822167, 0.9960392804405128, 0.9954559269269796, 0.9947872352886098, 0.9940209047823777, 0.9931429193141416, 0.9921373263998309, 0.9909859934249099, 0.989668340794396, 0.988161052328066, 0.9864377643364288, 0.9844687362993932, 0.9822205080623283, 0.9796555510767697, 0.9767319245661572, 0.9734029517094647, 0.9696169361081001, 0.9653169449914768, 0.9604406928014436, 0.9549205668207958, 0.948683845022261, 0.9416531646739529, 0.9337473074285627, 0.92488237115466, 0.9149733985974029, 0.9039365254714775, 0.8916916926993583, 0.8781659359060693, 0.8632972169689171, 0.8470386955677351, 0.8293632538722753, 0.8102679893251561, 0.7897782892443056, 0.7679510140934547, 0.7448762684418422, 0.7206772595555857, 0.6955078619047788, 0.6695477387013251, 0.6429952103536697, 0.6160584572024577, 0.588946010294961, 0.5618577021312242, 0.534977214237825, 0.5084670321682988, 0.4824660734713898, 0.45708966787963745, 0.43243115250724473, 0.40856423310925977, 0.38554543853574846, 0.36341631115674694, 0.34220525685173503, 0.3219291283650526, 0.30259464369159084, 0.28419970816902035, 0.2667346684950271, 0.2501835009512935, 0.23452492503185654, 0.21973343154835923, 0.20578021635261223, 0.19263401442283043, 0.1802618328764987, 0.1686295848630527, 0.1577026289847995, 0.14744622083153425, 0.13782588444229546, 0.12880771213069556, 0.12035860125195294, 0.1124464362723163, 0.1050402240344753, 0.09811018948742757, 0.09162783843881837, 0.08556599314694595, 0.07989880583784773, 0.07460175453684277, 0.06965162496015413, 0.06502648162971425, 0.060705630856318894, 0.05666957778241724, 0.052899979282953334, 0.04937959418618589, 0.04609223199090996, 0.0430227010162766, 0.04015675671983358, 0.03748105075315103, 0.034983081187533134, 0.03265114423043205, 0.030474287662344536, 0.02844226615077363, 0.026545498539310725, 0.02477502716351945, 0.023122479208926974, 0.021580030098247376],