{"theta_2_calctime": {"0.0": [0.005742311477661133, 0.004418134689331055, 0.004387855529785156, 1.118696689605713], "10.0": [0.006774187088012695, 0.006684064865112305, 1.296576976776123, 1.9165842533111572], "20.0": [0.004382610321044922, 0.006666898727416992, 1.4260001182556152, 2.1516408920288086], "30.0": [0.004511594772338867, 0.008512020111083984, 1.2327008247375488, 1.8719203472137451], "40.0": [0.0067386627197265625, 0.008337736129760742, 1.2046351432800293, 1.913062572479248], "50.0": [0.008652925491333008, 0.003401517868041992, 1.429281234741211, 1.873992919921875], "60.0": [0.0064544677734375, 0.006623029708862305, 1.2948248386383057, 1.847736120223999], "70.0": [0.007189273834228516, 0.005674839019775391, 1.1969802379608154, 2.1285996437072754], "80.0": [0.007163524627685547, 0.008628368377685547, 1.1956450939178467, 1.8217291831970215], "90.0": [0.0030364990234375, 0.00473332405090332, 0.46811866760253906, 1.1534643173217773]}, "theta_2_ypvals": {"0.0": [0.9999999999, 0.9097528189826527, 0.39690735473330513, 0.058586398546575165], "10.0": [0.9999999999, 0.9098105130916264, 0.4003253524881324, 0.06020298545618529], "20.0": [0.9999999999, 0.9100492292061195, 0.4078417029117438, 0.062390307059966656], "30.0": [0.9999999999, 0.9104876949679229, 0.4172232105769397, 0.06472330052666127], "40.0": [0.9999999999, 0.9110870794718918, 0.42716382295533284, 0.06700440733204686], "50.0": [0.9999999999, 0.911771957452023, 0.4366657347896799, 0.06908183176539646], "60.0": [0.9999999999, 0.9124473395618143, 0.44492068112185484, 0.07083138975672036], "70.0": [0.9999999999, 0.9130159593897861, 0.4512881873869826, 0.07215411044575572], "80.0": [0.9999999999, 0.9133945648335661, 0.455299839863978, 0.0729774045720355], "90.0": [0.9999999999, 0.9135273121480284, 0.4566692103569771, 0.07325682750311208]}, "theta_2_ypvals_maxerr": {"0.0": [0.0, 3.874812618358619e-99, 1.3319357357494727e-23, 5.5178345324542935e-43], "10.0": [0.0, 1.3365191676094531e-59, 1.8594467602220507e-25, 5.572467702099368e-43], "20.0": [0.0, 1.334982089334916e-50, 1.833484750993362e-25, 5.457931878464616e-43], "30.0": [0.0, 1.4822234920084928e-45, 1.7724442613526884e-25, 4.829970990251327e-43], "40.0": [0.0, 3.239254650773868e-42, 1.6758760069940982e-25, 3.82409590760168e-43], "50.0": [0.0, 6.975186775260616e-40, 1.554863897822759e-25, 2.704756082187444e-43], "60.0": [0.0, 2.9896561668341046e-38, 1.4282355282292677e-25, 1.6614893413049018e-43], "70.0": [0.0, 3.647609810281642e-37, 1.3175605086134181e-25, 8.226061008085114e-44], "80.0": [0.0, 1.5350871257353748e-36, 1.2422369396582958e-25, 2.812936736091724e-44], "90.0": [0.0, 2.4541428159672708e-36, 1.2155586775878468e-25, 9.467812860367094e-45]}, "xvals": [1e-10, 0.1, 2.0, 100.0]}