{"primary": [[0, 999.0, 0.016065361039807106], [0, 1000.0, 0.01605732614078923], [90, 999.0, 0.020135730543246626], [90, 1000.0, 0.020125659112467057]], "scndfresnel": [[0, 999.0, 0.013638865353598007], [0, 1000.0, 0.013632041873060921], [90, 999.0, 0.01710253094204395], [90, 1000.0, 0.01709396590396129]], "scndgauss": [[0, 999.0, 0.0012214317025192386], [0, 1000.0, 0.0012202841496503005], [90, 999.0, 0.0022347621849830783], [90, 1000.0, 0.002232691810373563]], "scndlorentz": [[0, 999.0, 0.01854898822668508], [0, 1000.0, 0.018539712863378206], [90, 999.0, 0.023242260973781664], [90, 1000.0, 0.02323064419381558]]}