{"theta_2_calctime": {"0.0": [0.00405573844909668, 0.004412412643432617, 132.70091915130615, 396.23135209083557], "30.0": [0.0019817352294921875, 0.005303144454956055, 289.729877948761, 884.1571044921875], "60.0": [0.005460023880004883, 0.005464792251586914, 271.18497490882874, 841.2850823402405], "90.0": [0.005609989166259766, 0.007528781890869141, 120.11138725280762, 363.01788234710693]}, "theta_2_ypvals": {"0.0": [0.9990579626970861, 0.9133598835975703, 0.1606926157302599, 0.01605732614078923], "30.0": [0.9990580350656734, 0.9139553288691489, 0.17781902347407644, 0.01776799513997394], "60.0": [0.999058248239835, 0.9155751643794154, 0.19501168015452916, 0.019456210924556874], "90.0": [0.9990583717292585, 0.9164766060137641, 0.2018066034790647, 0.020125659112467057]}, "theta_2_ypvals_maxerr": {"0.0": [1.3130844217467184e-100, 1.3297970941744763e-44, 1.5697368830621124e-10, 1.6040059307522984e-11], "30.0": [9.3445180922989e-83, 1.0758578635255108e-26, 1.7440347286390405e-10, 1.7742323958164302e-11], "60.0": [4.6604926789468603e-79, 5.62342343042245e-23, 1.9490588575293916e-10, 1.937676134749991e-11], "90.0": [4.332759244198392e-78, 5.30551038194998e-22, 1.9490587715852497e-10, 2.0094371880299332e-11]}, "xvals": [0.001, 0.1, 10.0, 1000.0]}