{"theta_2_calctime": {"0.0": [0.003907442092895508, 0.007475614547729492, 0.003927946090698242, 0.004885196685791016, 0.005235910415649414, 0.57470703125, 1.0415546894073486, 1.1251237392425537, 3.079421043395996, 3.1001248359680176], "90.0": [0.0072269439697265625, 0.008328914642333984, 0.005626678466796875, 0.00350189208984375, 0.5139167308807373, 0.4483463764190674, 0.4151432514190674, 0.4766063690185547, 1.0396008491516113, 3.1228554248809814]}, "theta_2_ypvals": {"0.0": [0.999001065679802, 0.9953812934032035, 0.9789410470590573, 0.9097528189826527, 0.6943571010009483, 0.3837200961617906, 0.18393326010946728, 0.08591494131840655, 0.03993122250428842, 0.018539712863378206], "90.0": [0.9990015970429506, 0.9953925885491595, 0.9791698992036812, 0.9135273121480284, 0.7248670432322077, 0.44352525179349556, 0.22558006722073873, 0.10714619491437817, 0.04999218754801309, 0.02323064419381558]}, "theta_2_ypvals_maxerr": {"0.0": [3.841552749546441e-215, 1.783654115733201e-176, 8.291145813839292e-138, 3.874812618358619e-99, 1.8575399217523615e-60, 1.9458204697849884e-25, 1.4529989212711485e-24, 1.2332898817703786e-36, 9.150506884844948e-49, 1.295027921520659e-60], "90.0": [1.8530376316890333e-152, 8.683500288977012e-114, 4.217542956688103e-75, 2.4541428159672708e-36, 5.710165698487775e-26, 1.169158206809319e-25, 2.87575623702651e-26, 2.4713439894799164e-38, 1.8103347962510714e-50, 2.58984360244592e-62]}, "xvals": [0.001, 0.004641588833612777, 0.021544346900318832, 0.1, 0.46415888336127775, 2.154434690031882, 10.0, 46.41588833612773, 215.44346900318823, 1000.0]}