{"theta_2_calctime": {"0.0": [0.002168893814086914, 85.71667766571045, 85.87945175170898, 84.92247486114502], "90.0": [0.002921581268310547, 84.41444206237793, 84.27926135063171, 87.41773509979248]}, "theta_2_ypvals": {"0.0": [0.9990008793612398, 0.4932695881698048, 0.18248210250561037, 0.013632041873060921], "90.0": [0.9990013180854864, 0.5516663253152346, 0.23498784225331965, 0.01709396590396129]}, "theta_2_ypvals_maxerr": {"0.0": [1.8024190127026398e-62, 4.77464829275686e-23, 4.77464829275686e-23, 4.77464829275686e-23], "90.0": [8.377967184615118e-51, 4.77464829275686e-23, 4.77464829275686e-23, 4.77464829275686e-23]}, "xvals": [0.001, 1.0, 6.0, 1000.0]}