{"theta_2_calctime": {"0.0": [0.004033565521240234, 0.004026651382446289, 114.04205465316772, 398.7362439632416], "90.0": [0.004828929901123047, 68.832111120224, 98.83531451225281, 361.14145064353943]}, "theta_2_ypvals": {"0.0": [0.9990579626970861, 0.5181739749382275, 0.20805674658209122, 0.01605732614078923], "90.0": [0.9990583717292585, 0.5732597250243744, 0.26008426241319815, 0.020125659112467057]}, "theta_2_ypvals_maxerr": {"0.0": [1.3130844217467184e-100, 1.5001842040015552e-16, 2.0654022570534948e-10, 1.6040059307522984e-11], "90.0": [4.332759244198392e-78, 5.414464568688206e-10, 2.4845288166474737e-10, 2.0094371880299332e-11]}, "xvals": [0.001, 1.0, 6.0, 1000.0]}