{"theta_2_calctime": {"2.8659839825988622": [0.001928567886352539, 0.0015940666198730469, 0.0019092559814453125, 0.002038240432739258, 0.002719402313232422, 0.002997159957885742, 0.002724885940551758, 203.80726957321167, 179.4823830127716, 212.46423363685608, 185.08076524734497, 253.33747625350952, 206.41379523277283, 267.8380329608917, 258.16918206214905, 212.74639916419983, 243.28812074661255, 242.8385398387909, 260.41957807540894, 227.31959342956543, 280.12314319610596, 277.3128068447113, 358.88723635673523, 360.44305419921875], "5.739170477266787": [0.05140328407287598, 0.0016837120056152344, 0.0018944740295410156, 0.0021851062774658203, 0.0020666122436523438, 0.001970529556274414, 180.54532623291016, 202.23921918869019, 191.78606462478638, 129.99729084968567, 193.24055075645447, 245.44518661499023, 209.20343160629272, 235.57715797424316, 263.1737129688263, 221.0733859539032, 257.01429176330566, 243.82207107543945, 251.34486961364746, 259.52274107933044, 279.5316972732544, 277.59837913513184, 364.7622151374817, 322.9657118320465], "11.536959032815489": [0.05596494674682617, 0.0021936893463134766, 0.0017008781433105469, 0.0016829967498779297, 130.00121760368347, 122.6957356929779, 148.4677243232727, 163.86710286140442, 176.57548117637634, 167.28175139427185, 220.70031428337097, 204.85254645347595, 248.0506591796875, 208.09930753707886, 231.6801564693451, 230.46289563179016, 247.29684138298035, 240.9187867641449, 258.72631096839905, 281.1781928539276, 263.3950140476227, 285.19149351119995, 354.3961019515991, 362.117728471756], "17.457603123722095": [0.0021173954010009766, 0.002108335494995117, 0.0017216205596923828, 137.0149791240692, 162.68153595924377, 129.9832854270935, 172.34185814857483, 188.68228244781494, 167.1121325492859, 201.71616792678833, 239.96590757369995, 191.93415451049805, 231.01521801948547, 226.26437997817993, 222.88256764411926, 223.3775703907013, 222.17953300476074, 249.42319464683533, 278.3026225566864, 260.33666372299194, 293.452534198761, 278.6652982234955, 285.1925542354584, 360.5474843978882], "23.578178478201835": [0.0017216205596923828, 0.001842498779296875, 0.001527547836303711, 160.27119159698486, 146.42568850517273, 130.57492017745972, 172.07566165924072, 142.9225914478302, 218.6923222541809, 114.64468789100647, 229.56596851348877, 189.18415641784668, 226.34948444366455, 203.31738877296448, 203.330002784729, 214.65490651130676, 223.1436483860016, 240.27956342697144, 275.88344407081604, 265.9295756816864, 277.3667345046997, 270.3913080692291, 276.6782383918762, 290.9489314556122], "30.000000000000004": [0.0021631717681884766, 0.0019097328186035156, 0.0022928714752197266, 149.8285629749298, 158.45042252540588, 158.09960341453552, 194.43037152290344, 159.88616752624512, 158.96245098114014, 167.47151470184326, 225.56679487228394, 185.89066219329834, 199.3610622882843, 230.9643223285675, 230.11361002922058, 291.1544191837311, 282.4750385284424, 240.66727542877197, 250.70044565200806, 260.2289528846741, 316.28395986557007, 258.80472207069397, 344.6684341430664, 311.02722358703613], "36.86989764584402": [0.00188446044921875, 0.0020570755004882812, 128.41572260856628, 130.49784994125366, 130.40139436721802, 128.78672885894775, 148.347731590271, 149.4680404663086, 183.18396496772766, 227.52388715744019, 220.11739134788513, 190.81163883209229, 241.5704379081726, 205.72965502738953, 204.3322148323059, 227.36979579925537, 223.71484184265137, 227.103768825531, 261.6615846157074, 241.41319394111633, 258.6241924762726, 262.36239528656006, 277.1882622241974, 354.0704188346863], "44.4270040008057": [0.001954793930053711, 0.001981019973754883, 134.68936586380005, 153.360121011734, 168.66784811019897, 103.72885775566101, 179.068674325943, 140.77856016159058, 165.92762064933777, 166.44942331314087, 198.9484829902649, 203.94442892074585, 180.11167001724243, 245.4273099899292, 208.23736214637756, 269.6686255931854, 222.63578057289124, 256.6041181087494, 245.17791771888733, 241.2850637435913, 260.3731255531311, 300.21536564826965, 323.8162326812744, 364.1553273200989], "53.13010235415599": [0.0019462108612060547, 0.0019567012786865234, 147.26690030097961, 157.04238891601562, 129.34238243103027, 170.06526279449463, 120.5926308631897, 178.89399337768555, 155.77736377716064, 167.89387607574463, 218.83966159820557, 185.59228658676147, 189.4105670452118, 203.8997871875763, 269.52276945114136, 244.73639225959778, 262.0314989089966, 227.5115451812744, 293.18131494522095, 241.82631993293762, 246.06797981262207, 273.79546785354614, 328.6545031070709, 286.5668115615845], "64.15806723683288": [0.0018093585968017578, 0.002007722854614258, 137.6470503807068, 143.28143501281738, 129.5377655029297, 139.1972861289978, 195.48127818107605, 148.89067721366882, 148.47530341148376, 217.82187008857727, 166.98797965049744, 185.70269107818604, 244.79097628593445, 204.16846251487732, 243.6836860179901, 203.52600812911987, 247.33754181861877, 222.0190348625183, 270.58533239364624, 240.73695850372314, 317.5528357028961, 295.64479398727417, 294.08670377731323, 310.46773409843445]}, "theta_2_ypvals": {"2.8659839825988622": [0.9133620348168137, 0.8400337495473045, 0.723842894991253, 0.6370585875438013, 0.5705305726239144, 0.5183022727445333, 0.42728347020200785, 0.3690298046996734, 0.32853905684289036, 0.2986379080364826, 0.2570559792114373, 0.22911466639500552, 0.20875375646423974, 0.19307825773483112, 0.18052527681622166, 0.17017291735493092, 0.16143965418871029, 0.1474024273803364, 0.13650265892255, 0.12771407997386133, 0.12042905814388576, 0.1142611479180103, 0.10220951028135533, 0.09330409968418221], "5.739170477266787": [0.9133717400869591, 0.8400691388103657, 0.7239615022915892, 0.6372843672802533, 0.5708730539109234, 0.5187623163524469, 0.42801305232735043, 0.3699752922580396, 0.32964618045783955, 0.2998609044815819, 0.2584114128318738, 0.2305192334532078, 0.21016216646705801, 0.1944666279196545, 0.18188154038539323, 0.17149152157811934, 0.16271864270980932, 0.14860330925730716, 0.13763166414306302, 0.1287789550250522, 0.12143726725474535, 0.11521934575508423, 0.10306610528891527, 0.09408372644771325], "11.536959032815489": [0.913424557639607, 0.8402549517432042, 0.7245452973010819, 0.6383341918692751, 0.5723867540457, 0.5207050112562678, 0.4308115945029368, 0.373334815329448, 0.33334417230844926, 0.30374491432532336, 0.26240121099599706, 0.2344405284803305, 0.21394776125921358, 0.19809548038403915, 0.18535247641165628, 0.1748116908180542, 0.16589833100879592, 0.1515349427053483, 0.1403552959373488, 0.13132770516267622, 0.12383775364634132, 0.11749288434953342, 0.10509048051158312, 0.09592506081087018], "17.457603123722095": [0.9135332543959853, 0.8406251437501006, 0.7256437431227534, 0.6402147943058176, 0.5749845932050576, 0.5239156420019149, 0.435094140089103, 0.37818461247387836, 0.33844836322104777, 0.3089217829567443, 0.2674623708934918, 0.23925736413734505, 0.2184973731032168, 0.20238997399310468, 0.18941433444348937, 0.178664970402062, 0.1695655845745316, 0.15488798432668086, 0.1434554250657928, 0.13422090794103028, 0.1265588121852969, 0.12006849659744268, 0.10738442904598963, 0.09801391041986858], "23.578178478201835": [0.9137076717440971, 0.8412038101458934, 0.7272851475971536, 0.6429211578429207, 0.5786053238461262, 0.5282689117231972, 0.4405955660637315, 0.38417828429294015, 0.3445807087740674, 0.31501219434786965, 0.27325131954936943, 0.24467243664944802, 0.2235548162749796, 0.2071275221481434, 0.1938714768211833, 0.182877363704931, 0.17356391370538735, 0.15853199903541848, 0.1468195558411294, 0.13735878655040706, 0.12950991421911903, 0.12286253466236567, 0.10987531820906432, 0.1002840304226069],