{"theta_2_calctime": {"0.0": [0.008107423782348633, 0.006819963455200195, 0.0037817955017089844, 0.00976419448852539, 0.006019115447998047, 0.007070302963256836, 0.40808963775634766, 0.3869445323944092, 0.39053988456726074, 0.3874335289001465], "90.0": [0.009996175765991211, 0.005683422088623047, 0.009669780731201172, 0.010342836380004883, 0.4033167362213135, 0.399611234664917, 0.39302778244018555, 0.38321518898010254, 0.3838961124420166, 0.37683844566345215]}, "theta_2_ypvals": {"0.0": [0.9989402629223929, 0.9950966869282318, 0.9775709613494297, 0.9025437294773689, 0.6551785739894188, 0.2779735838256711, 0.08071802675552855, 0.020816691090384573, 0.005110054205368656, 0.0012202841496503005], "90.0": [0.998940723471928, 0.9951065057260854, 0.9777725654504645, 0.9060549641366421, 0.6884369125658039, 0.35351192866841, 0.12438630443554409, 0.03537494193723438, 0.009108078400163911, 0.002232691810373563]}, "theta_2_ypvals_maxerr": {"0.0": [3.835743523229291e-222, 1.7808162562067448e-183, 8.274916751889692e-145, 3.8606007169058585e-106, 1.8356219959530754e-67, 9.580924560383037e-29, 5.252113122032546e-106, 4.774653115151636e-100, 4.775125757586136e-86, 4.77464829275686e-68], "90.0": [1.8490702692415334e-159, 8.6441611331593e-121, 4.150101045033e-82, 2.2758562601163047e-43, 4.774648292756865e-106, 4.774648293234325e-106, 4.822394775684428e-106, 4.8271694239771855e-106, 4.7751257671354324e-102, 4.822394775732175e-95]}, "xvals": [0.001, 0.004641588833612777, 0.021544346900318832, 0.1, 0.46415888336127775, 2.154434690031882, 10.0, 46.41588833612773, 215.44346900318823, 1000.0]}