{"theta_2_calctime": {"0.0": [0.004786014556884766, 0.004784822463989258, 1.0635192394256592, 3.034111499786377], "30.0": [0.005974531173706055, 0.005213737487792969, 1.540076732635498, 3.9691295623779297], "60.0": [0.009404182434082031, 0.0064275264739990234, 0.9922471046447754, 3.942530632019043], "90.0": [0.005193948745727539, 0.005577564239501953, 0.4170372486114502, 3.1938867568969727]}, "theta_2_ypvals": {"0.0": [0.999001065679802, 0.9097528189826527, 0.18393326010946728, 0.018539712863378206], "30.0": [0.9990011597142457, 0.9104876949679229, 0.20061772910585127, 0.020510996721610473], "60.0": [0.9990014366418426, 0.9124473395618143, 0.2184233663190921, 0.02245832535230512], "90.0": [0.9990015970429506, 0.9135273121480284, 0.22558006722073873, 0.02323064419381558]}, "theta_2_ypvals_maxerr": {"0.0": [3.841552749546441e-215, 3.874812618358619e-99, 1.4529989212711485e-24, 1.295027921520659e-60], "30.0": [1.2193762544127745e-161, 1.4822234920084928e-45, 1.251966829097505e-24, 1.1070824864363924e-60], "60.0": [2.304039436637978e-154, 2.9896561668341046e-38, 4.331057165867447e-25, 3.767974001808615e-61], "90.0": [1.8530376316890333e-152, 2.4541428159672708e-36, 2.87575623702651e-26, 2.58984360244592e-62]}, "xvals": [0.001, 0.1, 10.0, 1000.0]}