{"theta_2_calctime": {"0.0": [0.00457310676574707, 0.004672527313232422, 0.005996227264404297, 0.004919528961181641, 0.005933284759521484, 88.14727711677551, 132.8753945827484, 192.11485886573792, 278.02429389953613, 394.7756223678589], "90.0": [0.005373239517211914, 0.002651691436767578, 0.007777690887451172, 0.004212141036987305, 67.71076726913452, 83.09156775474548, 121.05449676513672, 174.651118516922, 253.9335160255432, 357.0962657928467]}, "theta_2_ypvals": {"0.0": [0.9990579626970861, 0.9956412613416477, 0.9800617142685493, 0.9133598835975703, 0.693282741208815, 0.3547152519523113, 0.1606926157302599, 0.0745514603167087, 0.034596101724326596, 0.01605732614078923], "90.0": [0.9990583717292585, 0.9956499816135218, 0.9802407451225575, 0.9164766060137641, 0.7227561160155018, 0.42157429684367853, 0.2018066034790647, 0.09350945835576277, 0.043367578895104085, 0.020125659112467057]}, "theta_2_ypvals_maxerr": {"0.0": [1.3130844217467184e-100, 6.097618344462123e-82, 2.836355347679982e-63, 1.3297970941744763e-44, 6.473783104670173e-26, 3.532087909801859e-10, 1.5697368830621124e-10, 7.348394205318326e-11, 3.383557071517054e-11, 1.6040059307522984e-11], "90.0": [4.332759244198392e-78, 2.025163489744878e-59, 9.714967843142976e-41, 5.30551038194998e-22, 6.614478506751491e-10, 4.1453507530147066e-10, 1.9490587715852497e-10, 9.179253446376322e-11, 4.2443629585173594e-11, 2.0094371880299332e-11]}, "xvals": [0.001, 0.004641588833612777, 0.021544346900318832, 0.1, 0.46415888336127775, 2.154434690031882, 10.0, 46.41588833612773, 215.44346900318823, 1000.0]}