{"theta_2_calctime": {"44.99": [0.0013127326965332031, 0.0023202896118164062, 0.001215219497680664, 0.002106189727783203, 0.0021467208862304688, 0.0026607513427734375, 0.0012722015380859375, 0.0018122196197509766, 0.001306772232055664, 0.0014314651489257812, 0.0029723644256591797, 0.0019123554229736328, 0.0016660690307617188, 0.0036945343017578125, 0.0020875930786132812, 0.0012717247009277344, 0.0012516975402832031, 0.0012814998626708984, 0.0012350082397460938, 0.0019202232360839844, 0.004172563552856445, 0.0022008419036865234, 0.0012302398681640625, 0.0021300315856933594, 0.0013549327850341797, 0.00135040283203125, 0.002327442169189453, 0.0015130043029785156, 0.0013055801391601562, 0.00241851806640625, 0.0036628246307373047, 0.0013816356658935547, 0.0013546943664550781, 0.002146005630493164, 0.0016987323760986328, 0.0019278526306152344, 0.001867055892944336, 0.002147674560546875, 0.0012054443359375, 1.3634934425354004, 1.0743350982666016, 1.0636298656463623, 1.7822620868682861, 1.0915203094482422, 1.9193172454833984, 1.0626471042633057, 1.7042958736419678, 1.601391315460205, 1.7596518993377686, 1.108232021331787, 0.9906954765319824, 0.9666516780853271, 1.3307957649230957, 0.9626541137695312, 1.5275721549987793, 1.8520026206970215, 1.42909574508667, 2.099371910095215, 1.496762752532959, 1.3749268054962158, 1.85209321975708, 0.848884105682373, 0.9115128517150879, 1.1794781684875488, 0.9836974143981934, 1.2503294944763184, 1.121718406677246, 2.5792484283447266, 1.4194486141204834, 1.3812227249145508, 1.4178028106689453, 2.3542120456695557, 1.2472009658813477, 1.520695686340332, 1.850940227508545, 2.4450230598449707, 1.705063819885254, 1.6204140186309814, 1.7636237144470215, 2.0710132122039795, 1.8372535705566406, 1.0478150844573975, 1.060058832168579, 1.0610265731811523, 1.7057595252990723, 1.8654301166534424, 1.965456247329712, 1.2097506523132324, 6.282432556152344, 5.352540969848633, 5.395643472671509, 4.053641319274902, 5.9598259925842285, 1.2558698654174805, 2.2133257389068604, 1.280085563659668, 3.434464693069458, 5.008822202682495, 4.267201662063599, 4.002470016479492, 4.494659423828125], "45.01": [0.002838611602783203, 0.002239704132080078, 0.0017724037170410156, 0.0012981891632080078, 0.0016341209411621094, 0.0012736320495605469, 0.0021250247955322266, 0.0017251968383789062, 0.0011496543884277344, 0.0020377635955810547, 0.005765199661254883, 0.0028162002563476562, 0.002222299575805664, 0.0012269020080566406, 0.002217531204223633, 0.0024869441986083984, 0.001374959945678711, 0.001321554183959961, 0.0022232532501220703, 0.002262592315673828, 0.00398707389831543, 0.0012254714965820312, 0.0013535022735595703, 0.0020601749420166016, 0.005246400833129883, 0.0024785995483398438, 0.0018913745880126953, 0.0013055801391601562, 0.006603717803955078, 0.0016813278198242188, 0.0021905899047851562, 0.001995563507080078, 0.0013575553894042969, 0.0014414787292480469, 0.0012407302856445312, 0.002724885940551758, 0.0018513202667236328, 0.0020394325256347656, 0.001550912857055664, 1.1058759689331055, 2.8569424152374268, 1.3373925685882568, 1.3628108501434326, 1.8629844188690186, 1.8056800365447998, 1.208064079284668, 2.838648796081543, 1.1973230838775635, 1.42822265625, 1.0488669872283936, 1.6733977794647217, 1.455493450164795, 1.5683341026306152, 1.5252563953399658, 1.2163093090057373, 1.2512543201446533, 0.8862247467041016, 1.1322357654571533, 1.9743242263793945, 1.339207410812378, 1.3254661560058594, 1.1711680889129639, 1.4311027526855469, 0.9969003200531006, 1.036797046661377, 1.4407379627227783, 0.757620096206665, 0.833489179611206, 1.4318289756774902, 0.9360668659210205, 0.8618059158325195, 1.5903279781341553, 1.6472551822662354, 1.5645058155059814, 1.7842037677764893, 1.3060479164123535, 1.7904577255249023, 1.2734966278076172, 2.595257520675659, 2.050337791442871, 1.1011435985565186, 2.6505370140075684, 1.7122642993927002, 3.2368876934051514, 1.756223440170288, 1.0968620777130127, 1.4076316356658936, 1.59637451171875, 1.1018462181091309, 1.9412291049957275, 5.410248279571533, 5.128875970840454, 3.3757901191711426, 4.230591773986816, 2.512265682220459, 1.2885808944702148, 1.9935204982757568, 2.169865608215332, 1.7273364067077637, 2.591552495956421, 2.3322947025299072]}, "theta_2_ypvals": {"44.99": [0.999001289124519, 0.9988535454473384, 0.9986839825737771, 0.9984893899888669, 0.9982660885232727, 0.9980098631306059, 0.997715886400652, 0.9973786316530785, 0.9969917743519803, 0.9965480804822167, 0.9960392804405128, 0.9954559269269796, 0.9947872352886098, 0.9940209047823777, 0.9931429193141416, 0.9921373263998309, 0.9909859934249099, 0.989668340794396, 0.988161052328066, 0.9864377643364288, 0.9844687362993932, 0.9822205080623283, 0.9796555510767697, 0.9767319245661572, 0.9734029517094647, 0.9696169361081001, 0.9653169449914768, 0.9604406928014436, 0.9549205668207958, 0.948683845022261, 0.9416531646739529, 0.9337473074285627, 0.92488237115466, 0.9149733985974029, 0.9039365254714775, 0.8916916926993583, 0.8781659359060693, 0.8632972169689171, 0.8470386955677351, 0.8293632538722753, 0.8102679893251561, 0.7897782892443056, 0.7679510140934547, 0.7448762684418422, 0.7206772595555857, 0.6955078619047788, 0.6695477387013251, 0.6429952103536697, 0.6160584572024577, 0.588946010294961, 0.5618577021312242, 0.534977214237825, 0.5084670321682988, 0.4824660734713898, 0.45708966787963745, 0.43243115250724473, 0.40856423310925977, 0.38554543853574846, 0.36341631115674694, 0.34220525685173503, 0.3219291283650526, 0.30259464369159084, 0.28419970816902035, 0.2667346684950271, 0.2501835009512935, 0.23452492503185654, 0.21973343154835923, 0.20578021635261223, 0.19263401442283043, 0.1802618328764987, 0.1686295848630527, 0.1577026289847995, 0.14744622083153425, 0.13782588444229546, 0.12880771213069556, 0.12035860125195294, 0.1124464362723163, 0.1050402240344753, 0.09811018948742757, 0.09162783843881837, 0.08556599314694595, 0.07989880583784773, 0.07460175453684277, 0.06965162496015413, 0.06502648162971425, 0.060705630856318894, 0.05666957778241724, 0.052899979282953334, 0.04937959418618589, 0.04609223199090996, 0.0430227010162766, 0.04015675671983358, 0.03748105075315103, 0.034983081187533134, 0.03265114423043205, 0.030474287662344536, 0.02844226615077363, 0.026545498539310725, 0.02477502716351945, 0.023122479208926974, 0.021580030098247376],