{"theta_2_calctime": {"0.0": [0.00978994369506836, 0.010244131088256836, 0.0070760250091552734, 0.47501683235168457], "10.0": [0.01022028923034668, 0.0031359195709228516, 0.805722713470459, 0.726860761642456], "20.0": [0.011932134628295898, 0.009122133255004883, 1.0608775615692139, 0.7314915657043457], "30.0": [0.008928537368774414, 0.0069463253021240234, 0.8054859638214111, 0.7766077518463135], "40.0": [0.011841058731079102, 0.009931087493896484, 0.842231035232544, 0.8020834922790527], "50.0": [0.006241321563720703, 0.005350351333618164, 0.8490560054779053, 0.905771017074585], "60.0": [0.011297464370727539, 0.01026463508605957, 0.8015086650848389, 0.9963712692260742], "70.0": [0.004704475402832031, 0.009419679641723633, 0.858670711517334, 0.8964941501617432], "80.0": [0.003239154815673828, 0.004480600357055664, 0.7223889827728271, 0.7303853034973145], "90.0": [0.009005308151245117, 0.0049152374267578125, 0.4686391353607178, 0.4450712203979492]}, "theta_2_ypvals": {"0.0": [0.999999999893934, 0.9025437294773689, 0.29328539589689795, 0.010358902126351526], "10.0": [0.999999999893934, 0.9025953251205083, 0.29732148009221193, 0.011506525326136377], "20.0": [0.999999999893934, 0.9028119996825936, 0.3066966406069142, 0.012775762424505658], "30.0": [0.999999999893934, 0.9032144389257696, 0.31859066269129044, 0.014014704184705984], "40.0": [0.999999999893934, 0.9037691988768243, 0.33124730572907735, 0.015160312163609177], "50.0": [0.999999999893934, 0.9044071592003724, 0.3433463666643918, 0.01616412440254909], "60.0": [0.999999999893934, 0.9050393256820948, 0.35384358592691023, 0.016986744514418835], "70.0": [0.999999999893934, 0.905573423692358, 0.36192789437485406, 0.017597057571360326], "80.0": [0.999999999893934, 0.9059298523655616, 0.36701470318323487, 0.017972433198913788], "90.0": [0.999999999893934, 0.9060549641366421, 0.368749878374689, 0.018099100119656313]}, "theta_2_ypvals_maxerr": {"0.0": [0.0, 3.8606007169058585e-106, 1.2677237939100397e-30, 4.774648292756861e-86], "10.0": [0.0, 1.2961240172722226e-66, 4.774648293234325e-106, 4.7746482928046113e-91], "20.0": [0.0, 1.2783817021770146e-57, 4.774648293234325e-106, 4.774648292761635e-90], "30.0": [0.0, 1.4061495849225124e-52, 4.774648293234325e-106, 4.7746482928046113e-91], "40.0": [0.0, 3.050606982454319e-49, 4.774648293234325e-106, 4.774648292757338e-89], "50.0": [0.0, 6.531585423885792e-47, 4.774648293234325e-106, 4.774648292756908e-88], "60.0": [0.0, 2.7874893881604482e-45, 4.774648293234325e-106, 4.774648292756908e-88], "70.0": [0.0, 3.3906984925872767e-44, 4.774648293234325e-106, 4.774648292761687e-91], "80.0": [0.0, 1.4244130724276694e-43, 4.774648293234325e-106, 4.7746482927568605e-88], "90.0": [0.0, 2.2758562601163047e-43, 4.774648293234325e-106, 5.256887770325304e-105]}, "xvals": [1e-10, 0.1, 2.0, 100.0]}