{"theta_2_calctime": {"44.99": [0.002967357635498047, 0.0027823448181152344, 0.0021216869354248047, 0.002357959747314453, 0.003931760787963867, 0.003612041473388672, 0.002441883087158203, 0.0029387474060058594, 0.003000020980834961, 0.0013017654418945312, 0.002806425094604492, 0.002188444137573242, 0.0029544830322265625, 0.0017726421356201172, 0.0028128623962402344, 0.0027391910552978516, 0.0037851333618164062, 0.0014209747314453125, 0.005746364593505859, 0.0028972625732421875, 0.0018568038940429688, 0.0016417503356933594, 0.0015156269073486328, 0.0014007091522216797, 0.0014884471893310547, 0.0016021728515625, 0.0029354095458984375, 0.0017538070678710938, 0.0026917457580566406, 0.002779245376586914, 0.0027709007263183594, 0.0022644996643066406, 0.0028700828552246094, 0.00826406478881836, 0.001337289810180664, 0.005822658538818359, 0.0016756057739257812, 0.0028705596923828125, 0.002696514129638672, 0.8018343448638916, 0.5752339363098145, 1.0102124214172363, 1.0268840789794922, 0.9340872764587402, 0.8905470371246338, 1.3282735347747803, 0.6798632144927979, 0.9778053760528564, 1.056093454360962, 1.1580383777618408, 1.081587791442871, 1.037510633468628, 1.6244442462921143, 0.5564670562744141, 1.3611071109771729, 1.5590336322784424, 1.0916080474853516, 1.8934063911437988, 1.7062530517578125, 1.980226993560791, 1.9645142555236816, 1.9939935207366943, 2.3012351989746094, 1.9593441486358643, 1.1619350910186768, 2.2515933513641357, 1.7520108222961426, 3.135516405105591, 0.863107442855835, 1.199756383895874, 2.1354970932006836, 2.0919485092163086, 1.003387212753296, 2.4985902309417725, 4.0749671459198, 2.8607418537139893, 2.229811191558838, 2.445378303527832, 4.083140134811401, 2.619547128677368, 2.6112215518951416, 1.6721222400665283, 2.2232139110565186, 2.8561313152313232, 2.996760129928589, 2.2389965057373047, 1.1954517364501953, 1.718681812286377, 1.6188116073608398, 1.406947374343872, 12.746000051498413, 1.3873867988586426, 8.518733263015747, 1.7392113208770752, 2.689513921737671, 1.6529192924499512, 3.3484601974487305, 9.320276737213135, 1.4795925617218018, 6.258638143539429, 8.938708066940308], "45.01": [0.0028128623962402344, 0.0026192665100097656, 0.0027098655700683594, 0.002763509750366211, 0.0029354095458984375, 0.0018069744110107422, 0.0012395381927490234, 0.002763986587524414, 0.0027132034301757812, 0.0013933181762695312, 0.002278566360473633, 0.0042226314544677734, 0.0013263225555419922, 0.0027208328247070312, 0.003910064697265625, 0.0016574859619140625, 0.0029191970825195312, 0.0018045902252197266, 0.0018610954284667969, 0.003303050994873047, 0.0013561248779296875, 0.007925271987915039, 0.001416921615600586, 0.0029571056365966797, 0.0014574527740478516, 0.0012390613555908203, 0.0012500286102294922, 0.0017092227935791016, 0.002699136734008789, 0.005742549896240234, 0.0013966560363769531, 0.0027081966400146484, 0.0012669563293457031, 0.0013685226440429688, 0.002095460891723633, 0.0015764236450195312, 0.003065347671508789, 0.005757331848144531, 0.001562356948852539, 0.6928229331970215, 0.9417500495910645, 0.48424673080444336, 0.826650857925415, 0.800586462020874, 0.4307069778442383, 0.8650736808776855, 0.4316873550415039, 0.9111013412475586, 0.9281141757965088, 1.0872886180877686, 0.7447400093078613, 0.7277359962463379, 1.4976348876953125, 0.8490855693817139, 0.6822876930236816, 1.904463529586792, 1.363053798675537, 1.5100431442260742, 0.9371583461761475, 1.8558144569396973, 1.1707658767700195, 1.8699986934661865, 1.4848530292510986, 1.4200539588928223, 1.1644253730773926, 2.0425384044647217, 2.5623607635498047, 2.1390528678894043, 0.9116384983062744, 1.00407075881958, 1.141148567199707, 1.446528434753418, 2.09379243850708, 2.195835590362549, 1.1474928855895996, 3.503387689590454, 3.888915538787842, 1.7194924354553223, 2.812161922454834, 3.9743361473083496, 1.289647102355957, 3.9310433864593506, 2.56140398979187, 2.5885159969329834, 1.487475872039795, 1.4805819988250732, 1.8450078964233398, 4.031456470489502, 8.974055290222168, 12.815095663070679, 2.2632455825805664, 1.2692883014678955, 1.3260598182678223, 4.164838790893555, 10.028293371200562, 6.644972324371338, 7.765666723251343, 4.9306488037109375, 3.1122846603393555, 1.3563172817230225, 7.762914180755615]}, "theta_2_ypvals": {"44.99": [0.999001289124519, 0.9988535454473384, 0.9986839825737771, 0.9984893899888669, 0.9982660885232727, 0.9980098631306059, 0.997715886400652, 0.9973786316530785, 0.9969917743519803, 0.9965480804822167, 0.9960392804405128, 0.9954559269269796, 0.9947872352886098, 0.9940209047823777, 0.9931429193141416, 0.9921373263998309, 0.9909859934249099, 0.989668340794396, 0.988161052328066, 0.9864377643364288, 0.9844687362993932, 0.9822205080623283, 0.9796555510767697, 0.9767319245661572, 0.9734029517094647, 0.9696169361081001, 0.9653169449914768, 0.9604406928014436, 0.9549205668207958, 0.948683845022261, 0.9416531646739529, 0.9337473074285627, 0.92488237115466, 0.9149733985974029, 0.9039365254714775, 0.8916916926993583, 0.8781659359060693, 0.8632972169689171, 0.8470386955677351, 0.8293632538722753, 0.8102679893251561, 0.7897782892443056, 0.7679510140934547, 0.7448762684418422, 0.7206772595555857, 0.6955078619047788, 0.6695477387013251, 0.6429952103536697, 0.6160584572024577, 0.588946010294961, 0.5618577021312242, 0.534977214237825, 0.5084670321682988, 0.4824660734713898, 0.45708966787963745, 0.43243115250724473, 0.40856423310925977, 0.38554543853574846, 0.36341631115674694, 0.34220525685173503, 0.3219291283650526, 0.30259464369159084, 0.28419970816902035, 0.2667346684950271, 0.2501835009512935, 0.23452492503185654, 0.21973343154835923, 0.20578021635261223, 0.19263401442283043, 0.1802618328764987, 0.1686295848630527, 0.1577026289847995, 0.14744622083153425, 0.13782588444229546, 0.12880771213069556, 0.12035860125195294, 0.1124464362723163, 0.1050402240344753, 0.09811018948742757, 0.09162783843881837, 0.08556599314694595, 0.07989880583784773, 0.07460175453684277, 0.06965162496015413, 0.06502648162971425, 0.060705630856318894, 0.05666957778241724, 0.052899979282953334, 0.04937959418618589, 0.04609223199090996, 0.0430227010162766, 0.04015675671983358, 0.03748105075315103, 0.034983081187533134, 0.03265114423043205, 0.030474287662344536, 0.02844226615077363, 0.026545498539310725, 0.02477502716351945, 0.023122479208926974, 0.021580030098247376],