{"theta_2_calctime": {"0.0": [0.002751588821411133, 0.0028252601623535156, 93.9825439453125, 94.85136222839355], "10.0": [0.0031173229217529297, 0.00215911865234375, 204.38522839546204, 204.92423272132874], "20.0": [0.0017399787902832031, 205.4031367301941, 197.22573399543762, 202.5987992286682], "30.0": [0.0030236244201660156, 205.42337942123413, 204.5883026123047, 197.81705355644226], "40.0": [0.0032999515533447266, 196.60108089447021, 195.6283416748047, 202.50916290283203], "50.0": [0.0021550655364990234, 204.3988757133484, 196.1171360015869, 195.58738660812378], "60.0": [0.004427433013916016, 205.32281708717346, 211.33527207374573, 197.8943829536438], "70.0": [0.0026702880859375, 195.97302913665771, 203.3434648513794, 194.6714255809784], "80.0": [0.001535654067993164, 205.38728666305542, 196.44200944900513, 203.93272757530212], "90.0": [0.004743814468383789, 94.76296925544739, 93.86000037193298, 93.58923673629761]}, "theta_2_ypvals": {"0.0": [0.9999999999, 0.9081981930666657, 0.34003235734294684, 0.0431754589157599], "10.0": [0.9999999999, 0.9082473071237347, 0.34382711823547735, 0.04447047022641542], "20.0": [0.9999999999, 0.9084534832117062, 0.3525864169581701, 0.046153430425230714], "30.0": [0.9999999999, 0.9088363115849931, 0.3636513734440231, 0.04793080480549841], "40.0": [0.9999999999, 0.9093639191711312, 0.37539057328119957, 0.049659968147484045], "50.0": [0.9999999999, 0.9099705480324106, 0.38658846615435644, 0.051229997003463985], "60.0": [0.9999999999, 0.910571586195787, 0.3962888164501303, 0.05254968076546622], "70.0": [0.9999999999, 0.9110793345758711, 0.4037514228205442, 0.053546155154355894], "80.0": [0.9999999999, 0.9114181568908085, 0.40844386655978987, 0.05416591604562213], "90.0": [0.9999999999, 0.9115370847378796, 0.41004399402228336, 0.05437618520769486]}, "theta_2_ypvals_maxerr": {"0.0": [1.8020835633949068e-188, 1.8362189757688503e-26, 4.77464829275686e-23, 4.77464829275686e-23], "10.0": [8.688746445202841e-185, 9.414919531552169e-23, 4.77464829275686e-23, 4.77464829275686e-23], "20.0": [1.0712044956746896e-181, 4.77464829275686e-23, 4.77464829275686e-23, 4.77464829275686e-23], "30.0": [5.7745038033262286e-180, 4.77464829275686e-23, 4.77464829275686e-23, 4.77464829275686e-23], "40.0": [8.073062985782296e-179, 4.77464829275686e-23, 4.77464829275686e-23, 4.77464829275686e-23], "50.0": [5.093265009359885e-178, 4.77464829275686e-23, 4.77464829275686e-23, 4.77464829275686e-23], "60.0": [1.8467208718921395e-177, 4.77464829275686e-23, 4.77464829275686e-23, 4.77464829275686e-23], "70.0": [4.351917938296831e-177, 4.77464829275686e-23, 4.77464829275686e-23, 4.77464829275686e-23], "80.0": [7.120654993442305e-177, 4.77464829275686e-23, 4.77464829275686e-23, 4.77464829275686e-23], "90.0": [8.362374727287212e-177, 4.77464829275686e-23, 4.77464829275686e-23, 4.77464829275686e-23]}, "xvals": [1e-10, 0.1, 2.0, 100.0]}