{"theta_2_calctime": {"0.0": [0.004224061965942383, 0.004864692687988281, 0.539778470993042, 3.046687602996826], "90.0": [0.005004167556762695, 0.4783294200897217, 0.4225497245788574, 2.9877207279205322]}, "theta_2_ypvals": {"0.0": [0.999001065679802, 0.533643992291833, 0.2361434429913111, 0.018539712863378206], "90.0": [0.9990015970429506, 0.5852238473581163, 0.285903438031228, 0.02323064419381558]}, "theta_2_ypvals_maxerr": {"0.0": [3.841552749546441e-215, 4.2027286780587283e-41, 2.6433349562547942e-25, 1.295027921520659e-60], "90.0": [1.8530376316890333e-152, 1.0236875961687894e-25, 3.581667885304995e-26, 2.58984360244592e-62]}, "xvals": [0.001, 1.0, 6.0, 1000.0]}