{"theta_2_calctime": {"0.0": [0.0033080577850341797, 0.006183624267578125, 88.35866808891296, 234.31381916999817], "10.0": [0.007371425628662109, 0.00331878662109375, 212.1087145805359, 542.065348148346], "20.0": [0.004182338714599609, 0.005267143249511719, 207.68676328659058, 523.8344774246216], "30.0": [0.005277872085571289, 0.007181406021118164, 199.5506989955902, 516.4908664226532], "40.0": [0.006279706954956055, 0.005209922790527344, 199.30765295028687, 517.2344813346863], "50.0": [0.004460334777832031, 0.0064127445220947266, 199.76155400276184, 509.83422589302063], "60.0": [0.007708072662353516, 0.0073740482330322266, 191.28058195114136, 494.85519766807556], "70.0": [0.0055315494537353516, 0.003881692886352539, 191.6441776752472, 487.84926891326904], "80.0": [0.0027039051055908203, 0.0035347938537597656, 191.41349697113037, 494.19911336898804], "90.0": [0.0033235549926757812, 0.006480216979980469, 82.68544626235962, 213.17732572555542]}, "theta_2_ypvals": {"0.0": [0.9999999999057143, 0.9133598835975703, 0.36871342515996963, 0.0507836996930088], "10.0": [0.9999999999057143, 0.9134056968568567, 0.3722862307405204, 0.052232082238118774], "20.0": [0.9999999999057143, 0.9135980658414652, 0.38057845526794115, 0.054159323459812905], "30.0": [0.9999999999057143, 0.9139553288691489, 0.3910973026613233, 0.056206967357017336], "40.0": [0.9999999999057143, 0.9144477794460533, 0.4022927830603355, 0.058205233462669856], "50.0": [0.9999999999057143, 0.9150140549148792, 0.41299847606067164, 0.06002299463843723], "60.0": [0.9999999999057143, 0.9155751643794154, 0.4222899779360129, 0.06155275099849542], "70.0": [0.9999999999057143, 0.9160492142315234, 0.42944787472207563, 0.06270874898200038], "80.0": [0.9999999999057143, 0.9163655637171141, 0.43395276173851277, 0.06342806547266613], "90.0": [0.9999999999057143, 0.9164766060137641, 0.435489614554551, 0.06367216583266319]}, "theta_2_ypvals_maxerr": {"0.0": [1.3129176593566429e-296, 1.3297970941744763e-44, 3.5320879098018587e-10, 5.0146246090764435e-11], "10.0": [7.092918940523062e-286, 7.700750870577847e-34, 3.5320879098018587e-10, 5.1632024235964106e-11], "20.0": [2.592612099369992e-281, 2.9136843926364757e-29, 3.5320879098018633e-10, 5.32325688398159e-11], "30.0": [9.331930564491146e-279, 1.0758578635255108e-26, 3.8203297892013475e-10, 5.480922027692513e-11], "40.0": [4.581235645149604e-277, 5.387971938332655e-25, 3.82032978919748e-10, 5.650866830687943e-11], "50.0": [6.9482096347484315e-276, 8.300174588149052e-24, 3.8203297891888855e-10, 5.828840129366381e-11], "60.0": [4.6522304850375776e-275, 5.62342343042245e-23, 4.145350753014759e-10, 6.015355703757426e-11], "70.0": [1.6489845492453748e-274, 2.009819201127557e-22, 4.14535075301423e-10, 6.210969111784011e-11], "80.0": [3.411018269889322e-274, 4.177962337379795e-22, 4.1453507530142723e-10, 6.210969111779714e-11], "90.0": [4.3245052782719006e-274, 5.30551038194998e-22, 4.145350753014229e-10, 6.210969111779714e-11]}, "xvals": [1e-10, 0.1, 2.0, 100.0]}