{"theta_2_calctime": {"0.0": [0.003869771957397461, 0.0033643245697021484, 0.0035555362701416016, 0.002451181411743164, 87.07531809806824, 87.11351490020752, 86.94550061225891, 86.85884666442871, 86.70218515396118, 86.13943219184875], "90.0": [0.003758668899536133, 0.0031821727752685547, 0.005460500717163086, 86.8012125492096, 86.8030526638031, 86.74622869491577, 86.52581357955933, 91.8836452960968, 85.63986015319824, 84.2586989402771]}, "theta_2_ypvals": {"0.0": [0.9990008793612398, 0.995377306458522, 0.9788578051996398, 0.9081981930666657, 0.6760810970547193, 0.3259099118710706, 0.13889515089169982, 0.06350219563182767, 0.029387763684362297, 0.013632041873060921], "90.0": [0.9990013180854864, 0.9953866593180923, 0.9790497829010489, 0.9115370847378796, 0.7075193547376113, 0.39589302474179505, 0.17914997969979715, 0.08037406288592602, 0.03691782622136829, 0.01709396590396129]}, "theta_2_ypvals_maxerr": {"0.0": [1.8024190127026398e-62, 1.803641589430726e-50, 1.8093369997584578e-38, 1.8362189757688503e-26, 4.77464829275686e-23, 4.77464829275686e-23, 4.77464829275686e-23, 4.77464829275686e-23, 4.77464829275686e-23, 4.77464829275686e-23], "90.0": [8.377967184615118e-51, 8.435239722290687e-39, 8.711166954475926e-27, 4.77464829275686e-23, 4.77464829275686e-23, 4.77464829275686e-23, 4.77464829275686e-23, 4.77464829275686e-23, 4.77464829275686e-23, 4.77464829275686e-23]}, "xvals": [0.001, 0.004641588833612777, 0.021544346900318832, 0.1, 0.46415888336127775, 2.154434690031882, 10.0, 46.41588833612773, 215.44346900318823, 1000.0]}