{"theta_2_calctime": {"0.0": [0.0038352012634277344, 0.0059430599212646484, 0.41118836402893066, 0.3922460079193115], "30.0": [0.007483720779418945, 0.011078596115112305, 0.7451345920562744, 0.6811280250549316], "60.0": [0.00780034065246582, 0.007917165756225586, 0.7369308471679688, 0.677349328994751], "90.0": [0.0066759586334228516, 0.0027391910552978516, 0.3887629508972168, 0.38664746284484863]}, "theta_2_ypvals": {"0.0": [0.9989402629223929, 0.9025437294773689, 0.08071802675552855, 0.0012202841496503005], "30.0": [0.998940344405619, 0.9032144389257696, 0.09946254936555071, 0.0017105393766891114], "60.0": [0.9989405844289508, 0.9050393256820948, 0.11744149916067373, 0.002091400830731688], "90.0": [0.998940723471928, 0.9060549641366421, 0.12438630443554409, 0.002232691810373563]}, "theta_2_ypvals_maxerr": {"0.0": [3.835743523229291e-222, 3.8606007169058585e-106, 5.252113122032546e-106, 4.77464829275686e-68], "30.0": [1.2169981827335071e-168, 1.4061495849225124e-52, 9.54929658551372e-106, 4.77464829275686e-66], "60.0": [2.2992106615150725e-161, 2.7874893881604482e-45, 5.252113122037321e-106, 4.77464829275686e-66], "90.0": [1.8490702692415334e-159, 2.2758562601163047e-43, 4.822394775684428e-106, 4.822394775732175e-95]}, "xvals": [0.001, 0.1, 10.0, 1000.0]}