{"theta_2_calctime": {"44.99": [0.0024433135986328125, 0.003466367721557617, 0.0024869441986083984, 0.0023505687713623047, 0.002534151077270508, 0.006825447082519531, 0.003571033477783203, 0.004346132278442383, 0.0033228397369384766, 0.003406524658203125, 0.002378225326538086, 0.003587484359741211, 0.0032851696014404297, 0.003369569778442383, 0.002295255661010742, 0.0024099349975585938, 0.009652853012084961, 0.0023484230041503906, 0.002634763717651367, 0.004739046096801758, 0.0029685497283935547, 0.0035903453826904297, 0.003685474395751953, 0.002434253692626953, 0.002462625503540039, 0.0024514198303222656, 0.002287626266479492, 0.002565622329711914, 0.002313852310180664, 0.0038008689880371094, 0.0023102760314941406, 0.002566099166870117, 0.004004955291748047, 0.003691434860229492, 0.0025391578674316406, 0.0022499561309814453, 0.002550840377807617, 0.005463600158691406, 0.003765583038330078, 0.8478884696960449, 0.6527652740478516, 0.7791531085968018, 1.2334651947021484, 2.530210494995117, 1.232520580291748, 1.0184316635131836, 1.9344923496246338, 1.7983529567718506, 1.8494484424591064, 1.1276869773864746, 1.7588205337524414, 1.1339666843414307, 1.7108912467956543, 1.6324524879455566, 1.1660714149475098, 1.2859067916870117, 1.835404634475708, 2.4557580947875977, 2.324514150619507, 1.1210293769836426, 1.2507686614990234, 1.456993818283081, 1.8615443706512451, 1.8119409084320068, 1.495723009109497, 1.1847715377807617, 1.9487879276275635, 1.612455129623413, 2.591870069503784, 2.1763579845428467, 2.4551985263824463, 3.1457607746124268, 1.6462860107421875, 2.8844735622406006, 1.5918614864349365, 1.8017585277557373, 1.568166732788086, 3.9469099044799805, 2.490185022354126, 1.9530291557312012, 2.259484052658081, 1.5473151206970215, 1.4765901565551758, 1.365185022354126, 2.368185043334961, 2.5634076595306396, 2.013284921646118, 1.0991876125335693, 2.093986988067627, 9.523154020309448, 1.6139652729034424, 5.553191661834717, 8.744313716888428, 1.156597375869751, 8.210978984832764, 7.013389587402344, 7.448865652084351, 4.616252183914185, 1.4573116302490234, 5.52621054649353, 7.335444927215576], "45.01": [0.0023767948150634766, 0.004151582717895508, 0.0027213096618652344, 0.0020835399627685547, 0.002526521682739258, 0.002945423126220703, 0.003663301467895508, 0.0023238658905029297, 0.0024602413177490234, 0.002627134323120117, 0.003334522247314453, 0.0030155181884765625, 0.0029556751251220703, 0.00368499755859375, 0.0018951892852783203, 0.0033609867095947266, 0.003764629364013672, 0.0022287368774414062, 0.0034682750701904297, 0.007147073745727539, 0.0032074451446533203, 0.005530595779418945, 0.0020685195922851562, 0.0034372806549072266, 0.003264188766479492, 0.0034368038177490234, 0.002539396286010742, 0.007597208023071289, 0.0024344921112060547, 0.0018873214721679688, 0.003530740737915039, 0.002515077590942383, 0.0022401809692382812, 0.0024666786193847656, 0.002562284469604492, 0.005786418914794922, 0.002159595489501953, 0.002318143844604492, 0.002259492874145508, 0.7266085147857666, 0.6781842708587646, 0.6929543018341064, 1.399993658065796, 1.2786829471588135, 1.248100757598877, 1.259598731994629, 2.455807685852051, 1.181485891342163, 1.1735472679138184, 1.7568516731262207, 1.2250542640686035, 1.1782829761505127, 1.4573383331298828, 1.1455297470092773, 1.1437578201293945, 1.121098279953003, 1.5737335681915283, 1.3389818668365479, 1.5573503971099854, 1.3333814144134521, 1.3477792739868164, 1.4034628868103027, 1.662203073501587, 2.7137529850006104, 2.17465877532959, 1.3922145366668701, 2.1542084217071533, 2.5685482025146484, 2.0357327461242676, 2.563778877258301, 4.198023796081543, 1.5092747211456299, 2.040731906890869, 2.934563636779785, 2.092637777328491, 2.904531955718994, 1.2076919078826904, 2.392714500427246, 1.4750463962554932, 1.8813014030456543, 1.4475486278533936, 1.4089086055755615, 2.021780252456665, 1.3543884754180908, 1.35105299949646, 1.3667383193969727, 2.0166802406311035, 1.3100042343139648, 1.7150523662567139, 6.8871142864227295, 1.1825287342071533, 1.361788272857666, 1.5457124710083008, 5.850909233093262, 1.3652088642120361, 1.407710313796997, 7.274279832839966, 7.745654821395874, 1.6663765907287598, 5.833728790283203, 1.310708999633789]}, "theta_2_ypvals": {"44.99": [0.999001289124519, 0.9988535454473384, 0.9986839825737771, 0.9984893899888669, 0.9982660885232727, 0.9980098631306059, 0.997715886400652, 0.9973786316530785, 0.9969917743519803, 0.9965480804822167, 0.9960392804405128, 0.9954559269269796, 0.9947872352886098, 0.9940209047823777, 0.9931429193141416, 0.9921373263998309, 0.9909859934249099, 0.989668340794396, 0.988161052328066, 0.9864377643364288, 0.9844687362993932, 0.9822205080623283, 0.9796555510767697, 0.9767319245661572, 0.9734029517094647, 0.9696169361081001, 0.9653169449914768, 0.9604406928014436, 0.9549205668207958, 0.948683845022261, 0.9416531646739529, 0.9337473074285627, 0.92488237115466, 0.9149733985974029, 0.9039365254714775, 0.8916916926993583, 0.8781659359060693, 0.8632972169689171, 0.8470386955677351, 0.8293632538722753, 0.8102679893251561, 0.7897782892443056, 0.7679510140934547, 0.7448762684418422, 0.7206772595555857, 0.6955078619047788, 0.6695477387013251, 0.6429952103536697, 0.6160584572024577, 0.588946010294961, 0.5618577021312242, 0.534977214237825, 0.5084670321682988, 0.4824660734713898, 0.45708966787963745, 0.43243115250724473, 0.40856423310925977, 0.38554543853574846, 0.36341631115674694, 0.34220525685173503, 0.3219291283650526, 0.30259464369159084, 0.28419970816902035, 0.2667346684950271, 0.2501835009512935, 0.23452492503185654, 0.21973343154835923, 0.20578021635261223, 0.19263401442283043, 0.1802618328764987, 0.1686295848630527, 0.1577026289847995, 0.14744622083153425, 0.13782588444229546, 0.12880771213069556, 0.12035860125195294, 0.1124464362723163, 0.1050402240344753, 0.09811018948742757, 0.09162783843881837, 0.08556599314694595, 0.07989880583784773, 0.07460175453684277, 0.06965162496015413, 0.06502648162971425, 0.060705630856318894, 0.05666957778241724, 0.052899979282953334, 0.04937959418618589, 0.04609223199090996, 0.0430227010162766, 0.04015675671983358, 0.03748105075315103, 0.034983081187533134, 0.03265114423043205, 0.030474287662344536, 0.02844226615077363, 0.026545498539310725, 0.02477502716351945, 0.023122479208926974, 0.021580030098247376],