{"theta_2_calctime": {"0.0": [0.0058383941650390625, 0.00634002685546875, 0.41293787956237793, 0.38417673110961914], "90.0": [0.006756782531738281, 0.4050107002258301, 0.39394164085388184, 0.3746957778930664]}, "theta_2_ypvals": {"0.0": [0.9989402629223929, 0.45898439644622335, 0.1242575880507064, 0.0012202841496503005], "90.0": [0.998940723471928, 0.5212338162045553, 0.18175225499965217, 0.002232691810373563]}, "theta_2_ypvals_maxerr": {"0.0": [3.835743523229291e-222, 4.1009307133760124e-48, 4.774696039239788e-106, 4.77464829275686e-68], "90.0": [1.8490702692415334e-159, 4.774648292761635e-106, 4.774696039239788e-106, 4.822394775732175e-95]}, "xvals": [0.001, 1.0, 6.0, 1000.0]}