{"theta_2_calctime": {"0.0": [0.002393960952758789, 0.0012905597686767578, 87.07464575767517, 86.25225496292114], "30.0": [0.0035638809204101562, 188.0059370994568, 186.34642696380615, 185.06436586380005], "60.0": [0.003599405288696289, 186.82197761535645, 186.4098403453827, 184.52694749832153], "90.0": [0.0023469924926757812, 86.7216866016388, 86.46020197868347, 89.7885434627533]}, "theta_2_ypvals": {"0.0": [0.9990008793612398, 0.9081981930666657, 0.13889515089169982, 0.013632041873060921], "30.0": [0.9990009569834233, 0.9088363115849931, 0.15602704201082182, 0.015089214985125568], "60.0": [0.9990011856321023, 0.910571586195787, 0.17265643481467474, 0.016524836597640195], "90.0": [0.9990013180854864, 0.9115370847378796, 0.17914997969979715, 0.01709396590396129]}, "theta_2_ypvals_maxerr": {"0.0": [1.8024190127026398e-62, 1.8362189757688503e-26, 4.77464829275686e-23, 4.77464829275686e-23], "30.0": [5.782113151725778e-54, 4.77464829275686e-23, 4.77464829275686e-23, 4.77464829275686e-23], "60.0": [1.8499248927769342e-51, 4.77464829275686e-23, 4.77464829275686e-23, 4.77464829275686e-23], "90.0": [8.377967184615118e-51, 4.77464829275686e-23, 4.77464829275686e-23, 4.77464829275686e-23]}, "xvals": [0.001, 0.1, 10.0, 1000.0]}