{"theta_2_calctime": {"2.8659839825988622": [0.008352518081665039, 0.003147125244140625, 0.0033996105194091797, 0.0032427310943603516, 0.0031070709228515625, 0.0032308101654052734, 130.84864926338196, 136.16021585464478, 135.8268313407898, 119.84852910041809, 129.4652132987976, 119.21467518806458, 121.47079634666443, 119.68289089202881, 141.5501353740692, 143.76899099349976, 117.8624439239502, 142.9265215396881, 128.64518976211548, 96.89651703834534, 118.07354593276978, 438.44347643852234, 119.54029417037964, 131.81957507133484], "5.739170477266787": [0.003367185592651367, 0.0034079551696777344, 0.0033948421478271484, 0.0032231807708740234, 0.0036535263061523438, 0.0032579898834228516, 143.79049491882324, 132.49205017089844, 129.5808024406433, 134.52591276168823, 130.16893887519836, 145.02711296081543, 120.99060201644897, 118.96042394638062, 122.79786372184753, 118.05791735649109, 125.86325669288635, 153.8731927871704, 146.1649136543274, 119.7252550125122, 377.18551754951477, 334.91575622558594, 118.66709232330322, 125.66111493110657], "11.536959032815489": [0.0033926963806152344, 0.003559589385986328, 0.003365755081176758, 0.0034627914428710938, 121.23617696762085, 118.58944082260132, 146.92263507843018, 122.17251396179199, 124.4669439792633, 132.0148777961731, 118.86522650718689, 119.79432320594788, 119.98378658294678, 134.04766154289246, 118.19592952728271, 141.27618074417114, 133.40868067741394, 118.51828265190125, 117.49505424499512, 416.1168100833893, 305.8586096763611, 430.1279637813568, 118.70533323287964, 130.8323414325714], "17.457603123722095": [0.003280162811279297, 0.0036242008209228516, 0.0034198760986328125, 0.0030531883239746094, 118.55334138870239, 128.3785915374756, 131.96511387825012, 133.04044008255005, 118.78800821304321, 120.87350535392761, 126.01845788955688, 140.5996754169464, 160.13761568069458, 118.43235778808594, 143.81086993217468, 125.67729043960571, 141.13373684883118, 117.19762516021729, 152.67275977134705, 402.4835534095764, 374.0093517303467, 333.7087585926056, 152.65147018432617, 125.62361311912537], "23.578178478201835": [0.0034003257751464844, 0.003505229949951172, 0.0033767223358154297, 135.5125470161438, 119.61831402778625, 118.99518060684204, 105.18925070762634, 149.3018250465393, 127.76398539543152, 147.34412217140198, 117.29954648017883, 141.8407609462738, 153.8757836818695, 134.2584581375122, 138.20225858688354, 109.74517798423767, 130.000141620636, 129.93110585212708, 120.35723543167114, 124.8873233795166, 142.5430028438568, 126.51945614814758, 152.24708032608032, 126.21649599075317], "30.000000000000004": [0.003208160400390625, 0.0034208297729492188, 0.0060765743255615234, 142.32962155342102, 116.86741161346436, 127.66368842124939, 139.22251677513123, 119.15435862541199, 142.41100597381592, 131.56668496131897, 138.0075798034668, 118.36306977272034, 117.81808400154114, 123.1094400882721, 118.63731002807617, 122.19280910491943, 122.9908595085144, 144.23555779457092, 118.68815922737122, 129.29211974143982, 119.5687096118927, 120.87822103500366, 160.11168360710144, 118.70268964767456], "36.86989764584402": [0.005094766616821289, 0.008319616317749023, 0.003407716751098633, 130.6295201778412, 118.49895167350769, 120.2189302444458, 120.21667671203613, 130.86711287498474, 118.05550241470337, 139.15819263458252, 129.06947708129883, 118.59826970100403, 120.0759789943695, 130.5198884010315, 119.18065667152405, 118.93742156028748, 119.38321876525879, 142.5064718723297, 142.78702545166016, 125.36270475387573, 128.38644695281982, 150.4471685886383, 121.01371884346008, 138.01567554473877], "44.4270040008057": [0.0033910274505615234, 0.003247976303100586, 121.09779810905457, 124.64230513572693, 127.8890860080719, 145.7267506122589, 125.47593641281128, 143.63321328163147, 95.62689232826233, 123.47464752197266, 136.21760034561157, 126.16421937942505, 141.3176565170288, 120.20987606048584, 150.1822168827057, 128.0750286579132, 117.64499306678772, 128.53628993034363, 119.61037683486938, 119.48080325126648, 118.56344485282898, 132.3257520198822, 144.29877042770386, 122.97406387329102], "53.13010235415599": [0.003245115280151367, 0.0027222633361816406, 136.13954949378967, 125.26526021957397, 119.65739369392395, 139.534973859787, 145.78055548667908, 130.69054222106934, 136.18811106681824, 131.59088373184204, 130.29254841804504, 142.02258348464966, 137.66903638839722, 111.7886598110199, 111.11612319946289, 127.18406820297241, 133.10090327262878, 117.96438717842102, 123.9485821723938, 119.71767234802246, 130.27619528770447, 117.74811458587646, 119.35429787635803, 118.63013982772827], "64.15806723683288": [0.0031740665435791016, 0.00709080696105957, 112.350088596344, 122.61493825912476, 155.27486562728882, 117.75578784942627, 121.41201949119568, 143.76890063285828, 118.54893636703491, 121.80281233787537, 127.58227276802063, 143.32129788398743, 120.9440848827362, 119.06095337867737, 121.66901993751526, 118.87102365493774, 128.86108875274658, 125.82721447944641, 119.74760627746582, 124.80522990226746, 138.5137767791748, 131.46020221710205, 139.21648907661438, 125.72684359550476]}, "theta_2_ypvals": {"2.8659839825988622": [0.9133620348168137, 0.8400337495473045, 0.723842894991253, 0.6370585875438013, 0.5705305726239144, 0.5183022727445332, 0.42728346980038073, 0.36902980469964225, 0.32853905684286006, 0.2986379080364534, 0.2570559792112613, 0.22911466639513192, 0.2087537564643252, 0.1930782577347612, 0.18052527681621244, 0.17017291735508103, 0.1614396541889303, 0.14740242738078507, 0.13650265892273175, 0.12771407997324766, 0.1204290581427122, 0.11426114791801478, 0.10220951028146213, 0.09330409968478791], "5.739170477266787": [0.9133717400869591, 0.8400691388103657, 0.7239615022915892, 0.6372843672802533, 0.5708730539109234, 0.5187623163524466, 0.4280130523279069, 0.36997529225800846, 0.32964618045780925, 0.2998609044815527, 0.2584114128316978, 0.23051923345333417, 0.21016216646714345, 0.1944666279195845, 0.1818815403853839, 0.17149152157826933, 0.1627186427100293, 0.14860330925775597, 0.13763166414324537, 0.1287789550244398, 0.12143726725474983, 0.11521934575508871, 0.10306610528902245, 0.09408372644830978], "11.536959032815489": [0.913424557639607, 0.8402549517432042, 0.7245452973010819, 0.6383341918692751, 0.5723867540455323, 0.5207050112561, 0.4308115945034932, 0.3733348153300048, 0.33334417230841895, 0.30374491432529416, 0.262401210995821, 0.23444052848045668, 0.21394776125929874, 0.19809548038410635, 0.18535247641164712, 0.174811690818205, 0.1658983310091615, 0.15153494270580184, 0.14035529593753857, 0.13132770516268982, 0.12383775364635491, 0.1174928843495379, 0.1050904805116371, 0.09592506081143912], "17.457603123722095": [0.9135332543959853, 0.8406251437501006, 0.7256437431227534, 0.6402147974647998, 0.5749845932048898, 0.5239156420017471, 0.43509414008965946, 0.3781846124744351, 0.3384483632210174, 0.30892178295671496, 0.26746237089331537, 0.23925736413714585, 0.21849737310330195, 0.20238997399317277, 0.18941433444348285, 0.17866497040221788, 0.16956558457490511, 0.15488798432714526, 0.14345542506583855, 0.13422090794104385, 0.12655881218531048, 0.12006849659744716, 0.10738442904614622, 0.09801391042059435], "23.578178478201835": [0.9137076717440971, 0.8412038101458934, 0.7272851475971537, 0.6429211578427529, 0.5786053238459584, 0.5282689117230296, 0.44059556606428796, 0.3841782842934969, 0.3445807087740369, 0.3150121943478401, 0.27325131954919263, 0.24467243664924873, 0.223554816275066, 0.20712752214821525, 0.19387147682118433, 0.18287736370509833, 0.17356391370577423, 0.1585319990358835, 0.1468195558411358, 0.13735878654969236, 0.12950991421780217, 0.12286253466108184, 0.10987531820940075, 0.10028403042351411],