{"A": [0.8967685465851916, -0.2927958640602815, 2.5284438112054644, -11.206499618325354, 21.068251577433074, -20.165497481927414, 7.319986769551557], "B": [0.4696815042289528, -0.16881805970739155, 5.37037305594483, -20.675279622475756, 40.51762925018497, -38.085771418177686, 12.886845049219053], "C": [-0.7486016918216802, -0.5670965842475622, -1.2484960625586112, 17.560213825503975, -47.80478428879615, 59.144442179586825, -26.605839005733344], "origA": [0.5592602903236551, 0.5368965483406659], "origB": [0.6042262318228365, -0.22233929954279538]}