{"A": [0.8967685653763361, -0.29279661645827043, 2.528452304196954, -11.206536739467143, 21.068324204293933, -20.165562224014653, 7.3200082409627925], "B": [0.46968158257060993, -0.16882032271080363, 5.370390626622649, -20.675337913117563, 40.517722413277085, -38.085842131555644, 12.886865488876342], "C": [-0.7486016336534449, -0.5671003654617738, -1.2484461263643323, 17.559977393332883, -47.80429085779675, 59.14397622993501, -26.60567636268562], "origA": [0.559260282606853, 0.5368965373764483], "origB": [0.6042262146713896, -0.2223392882428536]}