{"A": [1.467453400065982, 0.6343700249424825, -2.26202162684378, 0.7238815675413734, -2.7467280952660027, 2.521421520087799, -0.1594223010567939], "B": [0.683810256926539, 0.3850021156818409, 3.1948145063556073, -12.325677261808485, 24.16955809901306, -26.30314176383106, 10.564874371552664], "C": [-0.22236267406921167, -0.12267420764354812, 0.5043994670574315, -0.019378849202585854, -1.0864303600153533, 1.7054551843940442, -0.8771598409187287], "origA": [0.559260282606853, 0.5368965373764483], "origB": [0.6042262146713896, -0.2223392882428536]}