{"yprime_primary_0": [0.01817397411861, -0.19940954387912, 0.40139879272624, 0.30360162910423, -0.74311104013691, -0.75297189588208, 1.3713826711699, 2.2334095478538, -2.0016404398563, -4.4164611413376, 1.5024012955677, -19.335627700846, -18.656554514245, 287.85462678233, 267.70857786022, -1875.7495148235, -1922.6546408236, 8253.202287514, 8972.8236349511, -26474.520897909, -29793.362417029, 63375.309007268, 72879.059475984, -113817.93969315, -132860.81019152, 152502.44031604, 180083.48750325, -149990.3504239, -178848.86982357, 105003.41798163, 126304.65653723, -49484.141432537, -60008.703733454, 14062.486636522, 17185.57869657, -1819.93907401, -2240.6465400746], "yprime_primary_90": [0.073259719882138, -0.13734285564616, 0.18494908243333, 0.062210807166525, -0.15542773532927, 0.0067142794205607, 0.10517355085614, -0.059509823059793, -0.058640854433973, 0.067551275950331, 0.013463461848345, -0.03351317730424, 0.031884637044888, 0.00056331345397892, -0.049610372249722, 0.0064864526963655, 0.030464035509947, -0.0019563807638796, -0.0071703930591121], "yprime_scndfresnel_0": [-0.0067304158661805, -0.20832595596362, 0.44072459595991, 0.3256842814705, -0.80638587320199, -0.80734271933915, 1.5142482646471, 2.6146129313946, -2.4516014515905, -8.8860339721246, 5.0424152574154, 31.155425452256, -51.110042822914, -142.87931879501, 483.74617123656, 807.57116217023, -2938.8698187949, -4116.562014247, 12402.653573429, 16370.773263605, -38155.195861485, -49293.6984823, 87470.826591078, 112144.59145714, -150452.18197057, -192539.68572022, 193311.00926925, 247657.10759486, -182673.38989237, -234684.4643311, 123143.96942703, 158826.88299569, -56009.409181269, -72579.277789951, 15395.507986127, 20055.232836892, -1931.1374402274, -2529.8844963408], "yprime_scndfresnel_90": [0.051666328129623, -0.14518350400167, 0.20328171519384, 0.067963788960396, -0.16567402473639, 0.011198096305654, 0.11391090907729, -0.069472884398665, -0.062999705150021, 0.085494832609103, 0.0051239360980504, -0.078497968662481, 0.045694180594774, 0.073200606794587, -0.055387566387689, -0.059194129193283, 0.029258004309956, 0.029646289313401, -0.0061121989038205, -0.0063939832469353], "yprime_scndgauss_0": [-0.041015605234458, -0.24887221705315, 0.44131082209379, 0.35076088892505, -0.8167192423833, -0.84449619631076, 1.531723698489, 2.7338309972103, -1.9995712765158, -8.8466801958532, -2.3740900091101, 24.650325687594, 28.346586578325, -55.579485824504, -112.7551510413, 98.179928460758, 296.81799997885, -132.60406909794, -566.16891225169, 133.35395006881, 796.62071317746, -96.262350452593, -820.25280999623, 47.025008113466, 601.31337643619, -13.928771553927, -297.21246460968, 1.9150404949768, 88.772114783085, -0.015277706697396, -12.101863474738], "yprime_scndgauss_90": [0.021233816403788, -0.1783073529922, 0.19628833021011, 0.069826199797609, -0.17035310631642, 0.012308364373041, 0.12280581072936, -0.063934188845718, -0.060528785641435, 0.060001070686349, -0.049138506592333, 0.12152846697843, 0.45028159843152, -1.0105087378163, -2.1012024888803, 3.9482548028526, 7.1541911131282, -10.564825521691, -17.747834556043, 20.128062966883, 31.905903932131, -27.234834415711, -41.099213310103, 25.577506692348, 36.973365913046, -15.85748314878, -22.063661626248, 5.8394371053644, 7.8508463657305, -0.96815270776176, -1.2616901086289], "yprime_scndlorentz_0": [0.033644004128866, -0.12655606176419, 0.33723194319414, -0.00030617464449085, -0.60938863292668, 0.23575512337303, 1.336812343347, -0.69769582321256, -3.4725675080397, 1.3752033170026, 9.3875421818379, -1.6829211464747, -22.918893668294, 0.22921137275923, 45.941502481673, 3.8984840588304, -71.434798652494, -8.7879923289735, 82.71805682166, 10.372474909766, -68.372469990498, -7.300218894125, 37.946108396932, 2.8975897766437, -12.635692624589, -0.50139462023079, 1.9045725143086], "yprime_scndlorentz_90": [0.085223844115729, -0.091114278095893, 0.15401253800712, -0.020123701412089, -0.09935236857497, 0.077590442235539, 0.024196602039847, -0.07738373013374, 0.034650600349673, 0.040556311829941, -0.054637317260716, -0.0023960075975857, 0.040607087226972, -0.013018498907174, -0.016918960447638, 0.00887327105405, 0.0031465233484775, -0.0020563257379551]}