{"polycoeff_xprime_to_y-primary_at_th0": [0.518212, -0.93036, 0.182006, 1.10097, -0.62625, -1.73562, 1.08506, 2.19459, -1.40451, -1.62083, 1.1031, 0.49125, -0.357611], "polycoeff_xprime_to_y-scndfresnel_at_th0": [0.493354, -0.963692, 0.235067, 1.18222, -0.672931, -1.78522, 1.09976, 2.10882, -1.34721, -1.46841, 1.0054, 0.426279, -0.313436], "polycoeff_xprime_to_y-scndgauss_at_th0": [0.4588909, -1.038687, 0.2401003, 1.288282, -0.7641972, -1.880246, 1.886916, 2.171852, -3.273034, -0.9771599, 2.988445, -0.4993548, -1.037121, 0.4353142], "polycoeff_xprime_to_y-scndlorentz_at_th0": [0.53379, -0.84182, 0.16806, 0.65124, -0.67623, -0.47199, 1.0872, 0.030142, -0.91361, 0.28313, 0.30078, -0.1507]}