{"ydelta_primary": [0.05508, 0.1166, -0.2099, -0.5482, 0.5248, 1.402, -1.168, -2.096, 2.116, 1.155, -1.952, 0.6046], "ydelta_scndfresnel": [0.05839, 0.12063, -0.233343, -0.578753, 0.584531, 1.42753, -1.28278, -1.95436, 2.18561, 0.877761, -1.80505, 0.599956], "ydelta_scndgauss": [0.062289443, 0.13177896, -0.240705, -0.61857545, 0.61744404, 1.4812474, -1.5419561, -1.9976424, 2.8090858, 0.74297172, -2.3120683, 0.8661981], "ydelta_scndlorentz": [0.0514714, 0.0863117, -0.191581, -0.266342, 0.504516, 0.32195, -0.894662, 0.0162501, 0.708855, -0.33707]}