{"yprime_primary_0": [0.018321, -0.19767, 0.39126, 0.25955, -0.61079, -0.35344, 0.68862, 0.29755, -0.45645, -0.10364, 0.12969], "yprime_primary_90": [0.07349, -0.1374, 0.1788, 0.06601, -0.1231, -0.01756, 0.0396], "yprime_scndfresnel_0": [-0.006565, -0.2065, 0.4292, 0.2785, -0.6565, -0.3671, 0.7409, 0.2957, -0.5016, -0.09932, 0.1471], "yprime_scndfresnel_90": [0.0519, -0.1455, 0.1967, 0.07419, -0.1302, -0.02005, 0.04087], "yprime_scndgauss_0": [-0.04098064, -0.2478609, 0.4378301, 0.3178779, -0.7577438, -0.4799587, 1.165098, 0.5761884, -1.275475, -0.4092614, 0.8170998, 0.1223675, -0.2249813], "yprime_scndgauss_90": [0.021256, -0.17863, 0.19525, 0.074889, -0.16151, -0.013311, 0.094944, -0.0038944, -0.028559], "yprime_scndlorentz_0": [0.03373, -0.1274, 0.3301, 0.01966, -0.5, 0.08059, 0.5986, -0.1006, -0.4377, 0.03975, 0.1377], "yprime_scndlorentz_90": [0.08529, -0.09192, 0.1525, -0.0103, -0.09426, 0.04034, 0.0277, -0.01738]}