{"ydelta_primary": [0.05508579937334, 0.1171544212659, -0.2094910547035, -0.5753579035796, 0.5024400915276, 1.826900092486, -0.9094508110575, -5.534641711093, 1.08260571543, 20.56364020803, -4.869343230026, -102.9563469135, 68.00002474973, 556.4765377499, -513.5266226562, -2535.434739068, 2439.29543339, 8810.590045429, -8079.00393415, -22716.17422582, 19467.21452423, 42968.7118192, -34589.4608283, -58751.62948418, 45057.24103498, 56474.65177073, -41955.93650756, -36199.30270958, 26472.59066196, 13895.22702324, -10141.18548965, -2417.098215649, 1779.660818125], "ydelta_scndfresnel": [0.0583967885359, 0.121536980788, -0.232718121245, -0.616387292797, 0.55890143011, 1.94001237751, -1.01198622536, -5.2138639488, 0.952289303785, 10.7857185707, -0.253236080473, -1.44547180975, 19.5394751459, -119.087396102, -172.169663581, 622.465240494, 738.504693661, -1891.82897847, -1970.26994857, 3911.23420125, 3488.2042579, -5674.37556774, -4118.52337359, 5722.603149, 3126.83375841, -3839.36372179, -1383.96533161, 1545.80746193, 271.909527265, -283.161354174], "ydelta_scndgauss": [0.0622494567729, 0.13281487157, -0.236719118305, -0.658851815927, 0.540680512031, 2.03263012059, -0.939395365266, -5.78407853936, 0.0236875631971, 15.9701250046, 8.97796687938, -40.360348692, -43.9616277727, 88.7341307378, 130.072401265, -164.78960068, -267.899776416, 252.650101756, 392.640304043, -309.779282064, -402.741329808, 289.003597385, 275.17683564, -190.123167774, -112.563515546, 77.6195984053, 20.8573168419, -14.6567632255], "ydelta_scndlorentz": [0.05157979572, 0.08702095023, -0.1993447288, -0.289977587, 0.6373281731, 0.5519041851, -1.94650911, -0.9907616782, 5.428801081, 2.318934191, -13.68502225, -6.398706822, 29.60860216, 15.11962229, -51.70467978, -26.27261166, 69.10955851, 31.57234238, -67.19987531, -24.75321922, 44.50455466, 11.38071533, -17.89269095, -2.326886585, 3.289352571]}