{"ydelta_primary": [0.055085789717859, 0.11715462943476, -0.20948583389256, -0.57539480852351, 0.50196181243116, 1.8290200123245, -0.89174691839571, -5.5945957340208, 0.73402730374186, 21.56172560237, -0.69699677854327, -113.72777160228, 35.274603642044, 636.30110879942, -337.87130575776, -2956.2811574927, 1779.6634537852, 10422.109269626, -6340.2964665447, -27240.866915034, 16316.697853367, 52276.484230636, -30932.263658643, -72610.433633661, 42979.931786248, 71003.571716438, -42632.88516023, -46365.244880101, 28574.934991518, 18155.191223043, -11583.116939802, -3225.4309455908, 2141.4280404888], "ydelta_scndfresnel": [0.058396797981578, 0.12153735715593, -0.23272184668306, -0.61644013346411, 0.55918808838522, 1.942323498262, -1.021221106552, -5.2621502731457, 1.1135383928735, 11.361878111536, -1.9858689285773, -5.7515752669217, 31.846973376594, -97.917817675081, -232.44289668393, 552.67517132083, 946.73454363758, -1739.2900243147, -2481.9665752424, 3704.635436057, 4377.4065330319, -5545.1299608095, -5186.3476587845, 5787.1808579316, 3969.7208088597, -4030.1158304632, -1777.4013120153, 1687.944026932, 354.18529480771, -322.00485839138], "ydelta_scndgauss": [0.062249498905102, 0.13281606744689, -0.2367325402956, -0.65898150083573, 0.54149488512886, 2.037086349771, -0.96016341396391, -5.8575855262733, 0.31179190114858, 16.660600003642, 6.5165735758282, -44.377830827384, -30.100385599676, 103.75767541005, 76.653419520407, -200.75054030266, -124.58828231726, 303.77907579934, 125.03460036292, -338.69141366016, -61.550714183621, 258.14580426882, -8.0998376227627, -119.09379230171, 25.488317991725, 24.94950790202, -9.1047565616387], "ydelta_scndlorentz": [0.051579796038105, 0.087020929770423, -0.19934483673454, -0.2899755879523, 0.63733358690318, 0.55184201046427, -1.9466133747472, -0.98982728114952, 5.4298056137227, 2.3108724002946, -13.690363839004, -6.355131673738, 29.624077558806, 14.965315810248, -51.722395485212, -25.908592980778, 69.080987578236, 31.004966543897, -67.065556592877, -24.1917991885, 44.298054684401, 11.061144702378, -17.740162773572, -2.2471877618064, 3.2439804411945]}