{"yprime_primary_0": [0.018173951439691, -0.19940845154955, 0.40141055020059, 0.3034807625919, -0.74411173530182, -0.74983278600573, 1.4041565160255, 2.2371030807947, -2.5307749720621, -5.7701713924182, 5.962674290258, 6.9312807367783, -33.602165502401, 19.676907667501, 195.16111578861, -116.34158603729, -779.31601339819, 238.32802868578, 2123.2541902959, -103.97975991528, -4017.8208353242, -601.8235148858, 5287.3971359367, 1595.5332507449, -4749.185061501, -1990.5829904036, 2777.4824515821, 1419.8430248241, -953.59783288334, -557.4386286422, 145.87633459911, 93.936539753381], "yprime_primary_90": [0.073259655687124, -0.13734222752065, 0.1849578722962, 0.062185458736693, -0.15564034051371, 0.0070387255449423, 0.10725052022588, -0.061459880806991, -0.069138670610585, 0.073952995102461, 0.043971643093271, -0.045692430350624, -0.02112192366009, 0.013977286894729, 0.0048094139848466, -0.0014549248336812], "yprime_scndfresnel_0": [-0.0067305220401523, -0.20832543487343, 0.44076494478095, 0.32562784116371, -0.80920329515476, -0.80562268204916, 1.5928624879528, 2.5913058659558, -3.556811547293, -8.6493064395524, 13.235251445081, 27.667486512709, -74.348527116427, -92.804443295105, 354.75713784036, 323.42221788419, -1213.9012096424, -999.08159704481, 2944.5627221425, 2406.029574447, -5077.6244230016, -4255.3571940463, 6181.8031613531, 5357.5140664937, -5192.1677466752, -4651.7979184239, 2862.6157842268, 2643.2221128776, -932.48656630835, -884.17925656973, 136.04572440312, 132.01351006897], "yprime_scndfresnel_90": [0.051666147178396, -0.14518434558249, 0.20329934635778, 0.068003457400392, -0.16602651287325, 0.010602509198235, 0.11688945860193, -0.065184944856487, -0.076364333669487, 0.068133149268999, 0.040218955709108, -0.036037859353893, -0.010129092440833, 0.0090738312386491, -0.0023834590672092, -0.00064348278570074, 0.0015923364430628], "yprime_scndgauss_0": [-0.041015717206385, -0.24887097836753, 0.44134188105578, 0.35064001874256, -0.81843245114465, -0.84076363887014, 1.5721036599312, 2.6777741439878, -2.5244825333287, -8.3567741485939, 1.8940245959799, 21.911743893393, 5.0183466683325, -45.243546654092, -23.231693064772, 71.036423362017, 49.305567733464, -82.362355306752, -66.809461142647, 67.979719482248, 60.390357983889, -37.680085873818, -35.41265741819, 12.553425390424, 12.230394663061, -1.8985009228335, -1.8931494691522], "yprime_scndgauss_90": [0.021233918917792, -0.17830674011545, 0.19626979849166, 0.06977296328301, -0.16970240650491, 0.013746023512908, 0.11336336771775, -0.082710710775308, 0.011125429865169, 0.20368503739477, -0.3571144797582, -0.59884174231537, 1.1463874337425, 1.5472340283201, -2.2707220286869, -2.8671392453903, 2.9348270735132, 3.5666472079759, -2.3971858069872, -2.8282709850105, 1.1238733171573, 1.2930593685627, -0.23103850944823, -0.25997844109624], "yprime_scndlorentz_0": [0.033644132114303, -0.12655545262359, 0.33720092091556, -0.00036221185113036, -0.6079601136455, 0.23736732676974, 1.3093645546695, -0.72003211083913, -3.187600797955, 1.5532156265156, 7.5756664438929, -2.5776573638036, -15.358668640253, 3.212774063411, 24.425171724106, -2.8703517541246, -28.908363797183, 1.7152847312983, 24.308195946211, -0.60464217672079, -13.647571226302, 0.089798035856688, 4.5728787540149, 0.0028092117151881, -0.69031548951381], "yprime_scndlorentz_90": [0.085223877292166, -0.091113565862118, 0.15400993276966, -0.020152111303456, -0.099309154458926, 0.077947813465066, 0.023896850167055, -0.079501030131743, 0.035728877201493, 0.047431401403621, -0.056822751726711, -0.015369819059264, 0.043127692201507, 0.0011854215618363, -0.018464131384074, 0.00050055358844303, 0.0035376082698689]}