{"yprime_primary_0": [0.0182, -0.1976, 0.3984, 0.2541, -0.6802, -0.2808, 0.8987, 0.007438, -0.6028, 0.248], "yprime_primary_90": [0.07328, -0.1373, 0.1839, 0.06226, -0.1446, 0.0001786, 0.06422, -0.02239], "yprime_scndfresnel_0": [-0.0066247, -0.20672, 0.4339, 0.27832, -0.70571, -0.3299, 0.89548, 0.11009, -0.61687, 0.14117, 0.060876], "yprime_scndfresnel_90": [0.0517, -0.1453, 0.2017, 0.06919, -0.1511, 0.0001385, 0.06448, -0.02334], "yprime_scndgauss_0": [-0.04100528, -0.247966, 0.4404512, 0.3193743, -0.7997695, -0.4653481, 1.394855, 0.3835468, -1.759438, 0.2060899, 1.059139, -0.4898282], "yprime_scndgauss_90": [0.021159, -0.17791, 0.19738, 0.065321, -0.16884, 0.025034, 0.090138, -0.051724], "yprime_scndlorentz_0": [0.033774, -0.12702, 0.32865, 0.0089327, -0.48595, 0.15413, 0.53053, -0.28398, -0.27845, 0.19299], "yprime_scndlorentz_90": [0.085223, -0.091549, 0.15365, -0.014084, -0.097601, 0.049647, 0.029453, -0.022966]}