{"yprime_primary_0": [0.01819, -0.1982, 0.3992, 0.2626, -0.6914, -0.312, 0.9496, 0.03107, -0.6729, 0.2772], "yprime_primary_90": [0.073367, -0.13735, 0.18087, 0.063543, -0.12712, -0.010934, 0.037579], "yprime_scndfresnel_0": [-0.0066984, -0.20702, 0.43736, 0.28046, -0.73947, -0.31633, 1.0063, 0.00055697, -0.71136, 0.31024], "yprime_scndfresnel_90": [0.051792, -0.14521, 0.1985, 0.069829, -0.13245, -0.010233, 0.035655], "yprime_scndgauss_0": [-0.0410194, -0.2484277, 0.4416496, 0.3297499, -0.8203376, -0.5333355, 1.531619, 0.536842, -2.145856, 0.176883, 1.44714, -0.6749645], "yprime_scndgauss_90": [0.02124, -0.1781, 0.1958, 0.06715, -0.1623, 0.01879, 0.08239, -0.04432], "yprime_scndlorentz_0": [0.03371, -0.1268, 0.3313, 0.005667, -0.5076, 0.1727, 0.5915, -0.3339, -0.3357, 0.2431], "yprime_scndlorentz_90": [0.08532, -0.09141, 0.1504, -0.01411, -0.07853, 0.04049]}