{"yprime_primary_0": [0.018173974118052, -0.19940954391433, 0.40139879286383, 0.30360163759543, -0.7431110262181, -0.75297235489619, 1.3713815685773, 2.2334212762863, -2.0016098817854, -4.4166376291045, 1.5019331283964, -19.333887767782, -18.651955725453, 287.84267000548, 267.67736239498, -1875.6899593237, -1922.501623757, 8252.9818207702, 8972.266929397, -26473.904989349, -29791.834352221, 63374.000763195, 72875.869585948, -113815.82626161, -132855.7428999, 152499.86284955, 180077.40644386, -149988.01767836, -178843.450141, 105001.89968965, 126301.18030549, -49483.469808231, -60007.187215175, 14062.305892544, 17185.175921927, -1819.9167441217, -2240.5973976712], "yprime_primary_90": [0.07325972, -0.13734286, 0.18494908, 0.062210801, -0.15542773, 0.0067143566, 0.10517346, -0.05951027, -0.05864026, 0.067552689, 0.013461533, -0.033515776, 0.0318882, 0.00056609854, -0.049614167, 0.0064848394, 0.03046621, -0.0019559901, -0.0071709129], "yprime_scndfresnel_0": [-0.00673041586618, -0.2083259559636, 0.4407245959599, 0.3256842814705, -0.806385873202, -0.8073427193391, 1.514248264647, 2.614612931395, -2.451601451591, -8.886033972125, 5.042415257415, 31.15542545226, -51.11004282291, -142.879318795, 483.7461712366, 807.5711621702, -2938.869818795, -4116.562014247, 12402.65357343, 16370.77326361, -38155.19586149, -49293.6984823, 87470.82659108, 112144.5914571, -150452.1819706, -192539.6857202, 193311.0092693, 247657.1075949, -182673.3898924, -234684.4643311, 123143.969427, 158826.8829957, -56009.40918127, -72579.27778995, 15395.50798613, 20055.23283689, -1931.137440227, -2529.884496341], "yprime_scndfresnel_90": [0.0516663281, -0.145183504, 0.203281715, 0.067963789, -0.165674025, 0.0111980963, 0.113910909, -0.0694728844, -0.0629997052, 0.0854948326, 0.0051239361, -0.0784979687, 0.0456941806, 0.0732006068, -0.0553875664, -0.0591941292, 0.0292580043, 0.0296462893, -0.0061121989, -0.00639398325], "yprime_scndgauss_0": [-0.0410156052345, -0.248872217053, 0.441310822094, 0.350760888925, -0.816719242383, -0.844496196311, 1.53172369849, 2.73383099721, -1.99957127652, -8.84668019585, -2.37409000911, 24.6503256876, 28.3465865783, -55.5794858245, -112.755151041, 98.1799284608, 296.817999979, -132.604069098, -566.168912252, 133.353950069, 796.620713177, -96.2623504526, -820.252809996, 47.0250081135, 601.313376436, -13.9287715539, -297.21246461, 1.91504049498, 88.7721147831, -0.0152777066974, -12.1018634747], "yprime_scndgauss_90": [0.02123381561, -0.1783073509, 0.1962886878, 0.06982590221, -0.1703806059, 0.01232117517, 0.1236536682, -0.06419648906, -0.07436576704, 0.06307752049, 0.0879562932, 0.09867329517, -0.4419296817, -0.8963472715, 1.900678364, 3.550829047, -5.581248257, -9.58144409, 11.44790895, 18.38759661, -16.46914727, -25.04687153, 16.30532258, 23.66982862, -10.59028694, -14.76077115, 4.065707953, 5.465582841, -0.7000914033, -0.9109171111], "yprime_scndlorentz_0": [0.03364400413, -0.1265560618, 0.3372319432, -0.0003061746445, -0.6093886329, 0.2357551234, 1.336812343, -0.6976958232, -3.472567508, 1.375203317, 9.387542182, -1.682921146, -22.91889367, 0.2292113728, 45.94150248, 3.898484059, -71.43479865, -8.787992329, 82.71805682, 10.37247491, -68.37246999, -7.300218894, 37.9461084, 2.897589777, -12.63569262, -0.5013946202, 1.904572514], "yprime_scndlorentz_90": [0.085223844, -0.091114278, 0.15401254, -0.020123701, -0.099352369, 0.077590442, 0.024196602, -0.07738373, 0.0346506, 0.040556312, -0.054637317, -0.0023960076, 0.040607087, -0.013018499, -0.01691896, 0.0088732711, 0.0031465233, -0.0020563257]}