{"polycoeff_xprime_to_y-primary_at_th0": [0.5181739142759, -0.9312354258708, 0.1838441456426, 1.1362742358, -0.6439499617823, -2.206331176315, 1.140630599466, 5.318659095481, -1.818212320215, -14.55391219715, 10.87410353778, 45.03938805729, -110.6857924368, -174.6473769273, 720.5710673832, 736.1717109119, -3106.364394659, -2617.91188764, 9418.786974417, 6988.557590101, -20670.35083956, -13504.21392907, 33107.13743136, 18520.07264798, -38415.15440831, -17532.51527802, 31492.96870494, 10877.45934053, -17311.15064191, -3975.170684325, 5724.961892345, 647.8950238727, -860.4745834869], "polycoeff_xprime_to_y-scndfresnel_at_th0": [0.4932694837076, -0.9650580607045, 0.2391707300191, 1.231775501511, -0.7162749186493, -2.397392257122, 1.286159487187, 6.190338565047, -2.15799495722, -21.93947896347, 11.66646771202, 103.9329908487, -110.3774765187, -526.4911824684, 699.0096620504, 2257.913301253, -2982.947865414, -7410.986462373, 9068.355396232, 18053.43867394, -20188.12192804, -32202.67098807, 33154.22980087, 41377.0976758, -39805.34287439, -37198.46755365, 33994.95728469, 22166.48507268, -19545.17021751, -7852.794063735, 6769.65264411, 1249.922350984, -1064.555223624], "polycoeff_xprime_to_y-scndgauss_at_th0": [0.45898433395, -1.0398885672, 0.23347432787, 1.3320564936, -0.65964335645, -2.4573554347, 1.1858452452, 6.0101020414, -0.42409952962, -16.109953924, -7.6979330841, 40.844896412, 38.282141999, -90.529504717, -109.93053034, 168.29068816, 216.74542662, -254.04407166, -301.23376255, 299.83692304, 290.35481016, -262.9383083, -184.61968604, 159.14627416, 69.52062555, -58.698294202, -11.715653334, 9.8564365005], "polycoeff_xprime_to_y-scndlorentz_at_th0": [0.5336441259, -0.8429114501, 0.1770013802, 0.6797417272, -0.818932607, -0.7066833263, 2.153895064, 0.942873933, -5.438402926, -2.034470992, 12.91149187, 5.399270166, -26.43349543, -11.99710274, 43.38620265, 19.31504654, -54.09291652, -21.30361545, 48.71558791, 15.19814841, -29.65815201, -6.299367184, 10.86478452, 1.149070359, -1.800708025]}