{"yprime_primary_0": [0.01817397411861, -0.19940954387912, 0.40139879272624, 0.30360162910423, -0.74311104013691, -0.75297189588208, 1.3713826711699, 2.2334095478538, -2.0016404398563, -4.4164611413376, 1.5024012955677, -19.335627700846, -18.656554514245, 287.85462678233, 267.70857786022, -1875.7495148235, -1922.6546408236, 8253.202287514, 8972.8236349511, -26474.520897909, -29793.362417029, 63375.309007268, 72879.059475984, -113817.93969315, -132860.81019152, 152502.44031604, 180083.48750325, -149990.3504239, -178848.86982357, 105003.41798163, 126304.65653723, -49484.141432537, -60008.703733454, 14062.486636522, 17185.57869657, -1819.93907401, -2240.6465400746], "yprime_primary_90": [0.0732597199, -0.137342856, 0.184949082, 0.0622108072, -0.155427735, 0.00671427942, 0.105173551, -0.0595098231, -0.0586408544, 0.067551276, 0.0134634618, -0.0335131773, 0.031884637, 0.000563313454, -0.0496103722, 0.0064864527, 0.0304640355, -0.00195638076, -0.00717039306], "yprime_scndfresnel_0": [-0.00673041586618, -0.2083259559636, 0.4407245959599, 0.3256842814705, -0.806385873202, -0.8073427193391, 1.514248264647, 2.614612931395, -2.451601451591, -8.886033972125, 5.042415257415, 31.15542545226, -51.11004282291, -142.879318795, 483.7461712366, 807.5711621702, -2938.869818795, -4116.562014247, 12402.65357343, 16370.77326361, -38155.19586149, -49293.6984823, 87470.82659108, 112144.5914571, -150452.1819706, -192539.6857202, 193311.0092693, 247657.1075949, -182673.3898924, -234684.4643311, 123143.969427, 158826.8829957, -56009.40918127, -72579.27778995, 15395.50798613, 20055.23283689, -1931.137440227, -2529.884496341], "yprime_scndfresnel_90": [0.0516663281, -0.145183504, 0.203281715, 0.067963789, -0.165674025, 0.0111980963, 0.113910909, -0.0694728844, -0.0629997052, 0.0854948326, 0.0051239361, -0.0784979687, 0.0456941806, 0.0732006068, -0.0553875664, -0.0591941292, 0.0292580043, 0.0296462893, -0.0061121989, -0.00639398325], "yprime_scndgauss_0": [-0.0410156052345, -0.248872217053, 0.441310822094, 0.350760888925, -0.816719242383, -0.844496196311, 1.53172369849, 2.73383099721, -1.99957127652, -8.84668019585, -2.37409000911, 24.6503256876, 28.3465865783, -55.5794858245, -112.755151041, 98.1799284608, 296.817999979, -132.604069098, -566.168912252, 133.353950069, 796.620713177, -96.2623504526, -820.252809996, 47.0250081135, 601.313376436, -13.9287715539, -297.21246461, 1.91504049498, 88.7721147831, -0.0152777066974, -12.1018634747], "yprime_scndgauss_90": [0.021233816404, -0.17830735299, 0.19628833021, 0.069826199798, -0.17035310632, 0.012308364373, 0.12280581073, -0.063934188846, -0.060528785641, 0.060001070686, -0.049138506592, 0.12152846698, 0.45028159843, -1.0105087378, -2.1012024889, 3.9482548029, 7.1541911131, -10.564825522, -17.747834556, 20.128062967, 31.905903932, -27.234834416, -41.09921331, 25.577506692, 36.973365913, -15.857483149, -22.063661626, 5.8394371054, 7.8508463657, -0.96815270776, -1.2616901086], "yprime_scndlorentz_0": [0.03364400413, -0.1265560618, 0.3372319432, -0.0003061746445, -0.6093886329, 0.2357551234, 1.336812343, -0.6976958232, -3.472567508, 1.375203317, 9.387542182, -1.682921146, -22.91889367, 0.2292113728, 45.94150248, 3.898484059, -71.43479865, -8.787992329, 82.71805682, 10.37247491, -68.37246999, -7.300218894, 37.9461084, 2.897589777, -12.63569262, -0.5013946202, 1.904572514], "yprime_scndlorentz_90": [0.085223844, -0.091114278, 0.15401254, -0.020123701, -0.099352369, 0.077590442, 0.024196602, -0.07738373, 0.0346506, 0.040556312, -0.054637317, -0.0023960076, 0.040607087, -0.013018499, -0.01691896, 0.0088732711, 0.0031465233, -0.0020563257]}