{"polycoeff_xprime_to_y-primary_at_th0": [0.5181739387159, -0.9312351765688, 0.1838330254976, 1.136227750812, -0.6430023013107, -2.203730711967, 1.106859163687, 5.250378502198, -1.160733102899, -13.53773020006, 2.890627780353, 35.57482018146, -45.42477742421, -116.3992429074, 344.1765370083, 493.5436892409, -1529.908846124, -1939.034798807, 4545.962961959, 5797.769026808, -9488.71109524, -12589.02849097, 14131.24414393, 19655.56515557, -14950.68734465, -21827.36286125, 10979.64949738, 16822.09661562, -5321.34227364, -8554.750838143, 1530.481305745, 2582.400834841, -197.8358674336, -350.5878203564], "polycoeff_xprime_to_y-scndfresnel_at_th0": [0.493269511538, -0.9650579561441, 0.2391574631397, 1.231743529955, -0.7150998765463, -2.39512039449, 1.242880751013, 6.121219917985, -1.290509624725, -20.80033791369, 0.8507771998392, 92.48547880716, -19.77420147711, -451.7158702461, 164.3222758496, 1930.941124517, -694.4535319857, -6457.672947679, 1848.071491788, 16317.98164344, -3295.667628162, -30806.79618825, 3959.321950465, 43047.70157153, -3083.476664459, -43814.62484922, 1378.499617051, 31541.33078748, -200.305245992, -15210.8385604, -89.06000453532, 4407.642969232, 32.20146603275, -580.1276064014], "polycoeff_xprime_to_y-scndgauss_at_th0": [0.458984305748, -1.03988766848, 0.233481493625, 1.33196188935, -0.660013233945, -2.45410640459, 1.19382855333, 5.95477588355, -0.515887633453, -15.5539313375, -7.06968626128, 37.233287829, 35.5989115314, -74.5751517883, -102.844087748, 119.034265423, 206.588594793, -146.681948686, -299.813474678, 135.504487785, 314.167337895, -90.3876931965, -232.115104872, 41.0324379503, 114.760752128, -11.3379678425, -34.0792787364, 1.43947016459, 4.59564246351], "polycoeff_xprime_to_y-scndlorentz_at_th0": [0.5336440714, -0.8429109763, 0.1770158718, 0.6797206737, -0.8196250789, -0.7065849507, 2.167539611, 0.947538487, -5.583355582, -2.114837453, 13.85717444, 6.005361129, -30.50702161, -14.66333828, 55.45431274, 26.79341787, -79.16353633, -35.10022133, 85.2739652, 31.88897057, -66.36505853, -19.04296095, 35.03907292, 6.713303016, -11.1928655, -1.057457802, 1.628737766]}