{"ydelta_primary": [0.0550793, 0.116573, -0.209913, -0.548212, 0.524564, 1.40296, -1.16778, -2.09965, 2.11819, 1.16063, -1.95963, 0.607174], "ydelta_scndfresnel": [0.0583941, 0.120621, -0.233664, -0.578103, 0.589115, 1.41626, -1.30033, -1.88883, 2.1709, 0.766888, -1.67993, 0.558787], "ydelta_scndgauss": [0.062295568, 0.13180847, -0.24119752, -0.61873025, 0.62511266, 1.4732319, -1.5782142, -1.9244324, 2.8268686, 0.59060339, -2.172355, 0.82507273], "ydelta_scndlorentz": [0.051475, 0.086252, -0.19177, -0.26484, 0.50521, 0.31144, -0.88723, 0.03568, 0.67873, -0.32523]}