{"ydelta_primary": [0.05508580666571, 0.1171543796275, -0.2094959893224, -0.5753610003144, 0.5029926535087, 1.827528591995, -0.9343233427577, -5.560154682465, 1.67846357379, 21.02643609634, -13.57802643233, -107.3363063748, 151.8892352219, 576.5632688968, -1071.234226007, -2533.754063934, 5066.801335663, 8223.815227808, -16955.1507836, -18939.97089727, 40926.64492568, 29716.04901001, -71039.43814205, -29047.97910648, 86612.37915478, 12774.94362795, -70438.23189688, 4826.668786858, 34308.55921383, -8466.342245127, -7568.031380324, 2978.804894556], "ydelta_scndfresnel": [0.05839675969497, 0.1215403942474, -0.2327031821943, -0.6169197748584, 0.5576924427279, 1.966471723613, -0.9739495091226, -5.856571787922, 0.3468732618105, 19.93824999639, 5.12029535262, -85.66077650643, -6.233382554383, 410.7966508641, -135.2115982125, -1733.358492423, 1061.000115469, 5627.101189681, -4404.594142741, -13334.67031813, 12107.00455643, 22313.1140298, -23062.69191267, -25123.73631196, 30242.49736349, 17135.34812358, -26106.24295471, -4932.436511715, 13365.12956974, -1204.66538604, -3074.520821506, 921.6011306758], "ydelta_scndgauss": [0.06224953019339, 0.1328158690775, -0.236741722263, -0.6589627718965, 0.5420212226156, 2.036463256552, -0.97288478567, -5.846171066704, 0.4786858467243, 16.52467895771, 5.177873225504, -43.26855122074, -23.12266235959, 97.49162419575, 52.38175330609, -176.313696784, -68.31348886279, 238.6100261469, 41.13149813131, -222.4411069882, 10.56142327328, 125.8054728166, -30.66189892098, -32.28090591464, 13.18049019718], "ydelta_scndlorentz": [0.05157982383, 0.08702046572, -0.199353768, -0.2899285322, 0.6378148804, 0.5502529572, -1.956981119, -0.9631382051, 5.54608499, 2.04851528, -14.45528159, -4.719780698, 32.73916116, 8.241956394, -59.63989821, -7.43970856, 81.0118243, -2.53170678, -75.52806893, 14.4309282, 42.64462669, -14.48078074, -10.92280777, 5.137685796]}